protocol                 , protocol_detected, master_proto, app_proto, category_name    , category_id, flows   , avg_detect_pkt_in_flow, var_detect_pkt_in_flow, avg_detecting_bytes  , var_detecting_bytes           , avg_packets_in_flow     , var_packets_in_flow            , avg_bytes_in_flow       , var_bytes_in_flow     , avg_detecting_instructions, var_detecting_instructions, avg_detecting_cycles, var_detecting_cycles   , avg_detecting_ipc , var_detecting_ipc     , avg_detecting_llc_misses, var_detecting_llc_misses, avg_detecting_llc_refs, var_detecting_llc_refs  , avg_detecting_llc_miss_ratio, var_detecting_llc_miss_ratio, avg_detecting_branch_misses, var_detecting_branch_misses, avg_detecting_branch_miss_per_kinst, var_detecting_branch_miss_per_kinst
ICMP                     ,                 1,            0,        81, Network          ,          14, 15862122,     1.00000025217307  , 3.782595412711943e-07 ,    60.20895419919226 ,           14.635963163806695  ,       1.348086529658516 ,          4577.694207065606     ,        82.74946687460859, 19069326.907635286    ,          5179.190633510447,      2424816.469770343    ,   6548.71916714548  ,     22811863.28420029  , 0.8124047877144686, 0.01720443553831819   ,       14.960618320802222,     4396.627772511824   ,     24.940715372129908,   17008.654337037733    ,          0.5895928969603814 , 0.05013407956736267         ,           6.156998603339452,        1416.1825530349056  ,                1.1199676985932274  , 0.22550779632044743
NOT_DETECTED             ,                 0,            0,         0, NOT_DETECTED     ,           0,  3489960,     0.0               , 0.0                   ,  3462.135941672684   , 456185480828.2961             ,       5.5633947093949505,        368836.50233992306      ,      3462.135941672684  , 456185480828.2961     ,         19192.117636305287, 438792205088.6965         ,  16410.924313172643 , 358644509948.222       , 1.1741830787172345, 0.09592264978330735   ,       26.25546052103749 ,   463446.3561456117     ,     61.96078637004435 , 2656806.1067351657      ,          0.5325581036278352 , 0.05216492236888695         ,          30.244756386892686,     1638092.2555466376     ,                1.786966790924538   , 1.0817743099766368
DNS                      ,                 1,            0,         5, Network          ,          14,   193086,     1.0048527599100918, 0.10880360546059396   ,   292.2773375594295  ,       346853.849054689        ,      14.04245776493376  ,           384.7059855776342    ,      9627.480273038957  , 400974139.3692467     ,         19929.31674487016 ,     37146554.20618377     ,  16415.43697626964  ,    118258898.93769905  , 1.232629795008442 , 0.051330591733226794  ,       17.78067803983717 ,    11389.359426129451   ,     41.009679624623224,   93165.89990423326     ,          0.49071059016707586, 0.08771053586241581         ,          65.70950768051542 ,        9320.030474947951   ,                1.2534371584009198  , 0.8247578661736138
HTTP                     ,                 1,            0,         7, Web              ,           5,   163278,     5.721597520792758 , 58.865674852109144    ,  2796.199181763618   ,     80621778.60972211         ,     220.42387829346268  ,      11472543.195638012        ,    206641.52809319075   , 13170819018266.545    ,         72702.86383346195 ,    696664093.2306472      ,  43988.72532123127  ,   1979482668.7970693   , 1.6820880943605383, 0.04527363742370496   ,       32.4886390083171  ,   569291.0011662648     ,     71.542565440537   , 1376272.250980966       ,          0.5304728759967663 , 0.061942674674253635        ,          94.90211786033636 ,      126210.16120755796    ,                0.6378474108820539  , 0.5042902080689825
TLS                      ,                 1,            0,        91, Web              ,           5,    88875,    10.53314205344585  , 618.7153094805238     ,  5678.705867791842   ,    818043134.5769237          ,     203.50722925457103  ,       8256628.800406247        ,    234504.95561181434   , 15700543527123.482    ,        131973.87030098453 ,   1158266169.3040335      ,  67709.51032348805  ,    779165534.289702    , 2.051337353338959 , 0.22142076518760023   ,       52.9218452883263  ,    10626.901728690551   ,    147.1175246132208  ,   63503.312083886536    ,          0.4439675865879044 , 0.05898364618109597         ,         145.95053727144867 ,        4969.009446546783   ,                0.6893549940590717  , 0.22741768744038413
SSH                      ,                 1,            0,        92, RemoteAccess     ,          12,    50974,     6.6782477341389725, 66.2665268781656      ,  1559.2517361792286  ,      2246299.0886671892       ,     108.07694118570251  ,     180110237.00844032         ,     46091.40181268882   , 3746114303060.267     ,         41464.87662337662 ,    805891376.2951913      ,  31388.166477027506 ,   2269910070.3173633   , 1.405147540981677 , 0.015542709673597674  ,       45.938027229568014,   424282.9711858597     ,    122.49013222427119 , 1404374.2895306721      ,          0.5451305708792717 , 0.0642521560845194          ,          56.47492839486797 ,      113769.18455405669    ,                0.5445486166477027  , 0.1715630003815452
MySQL                    ,                 1,            0,        20, Database         ,          11,    45677,    13.96205967992644  , 0.27968670064392415   , 10744.503097839175   ,      2700302.714425458        ,      45.154629244477526 ,             4.551149454785891  ,     38827.63922762003   , 10158605.602246905    ,        202524.4164459137  ,    344490996.79156613     , 106307.94036385928  ,     70639949.56314011  , 1.902477121921317 , 0.00392520160953272   ,       35.25104538389124 ,      619.951534964707   ,     65.74785997329072 ,    1644.97324919133     ,          0.5264873306478096 , 0.040541033382433506        ,         216.5393743021652  ,         285.9005721767532  ,                0.9266117445979377  , 0.008545430769009446
SamsungSDP               ,                 1,            0,       456, Network          ,          14,    12763,     1.0               , 0.0                   ,    79.03995925722792 ,            0.11828102944556597,       1.0239755543367546,             0.02402753900908509,        80.93426310428583, 149.95971532903673    ,          7279.487973047089,        22323.532312454965 ,   7309.885920238188 ,      1555814.724429983 , 1.0098693610436418, 0.011976555062199194  ,        8.02593434145577 ,       34.62355368902124 ,     16.0021938415733  ,     264.66331885704267  ,          0.5887218156389563 , 0.08292212523655028         ,          16.89665439160072 ,          30.418607470228107,                2.311515441432265   , 0.5541456173763152
TLS.Google               ,                 1,           91,       126, Advertisement    ,         101,    12454,     4.0               , 0.0                   ,   491.10342058776297 ,        13782.132230149587     ,      60.90356511964028  ,         37386.28867686757      ,     36033.75718644612   , 42237827320.39535     ,        122008.04753492854 ,    554176975.0550714      ,  53634.78641400353  ,     59480097.70450147  , 2.2625647501204433, 0.03939767806426501   ,       21.311867673036776,      412.6414570385358  ,     47.79741448530593 ,    3909.8748897339347   ,          0.5046504561586639 , 0.06617343174101346         ,         118.24313473582785 ,        2118.69855371928    ,                0.5328393102617633  , 0.07171637656827935
HTTP.OCSP                ,                 1,            7,        63, Network          ,          14,     8734,     4.0247309365697275, 0.05205611606376676   ,   694.9433249370277  ,          823.5412120270013    ,      23.89832837188001  ,           191.14079638129485   ,      4578.997023128006  , 11115375.282335998    ,         49663.10728188688 ,       833492.8741100151   ,  34561.9380581635   ,     23419113.710726984 , 1.4583013527593311, 0.027001820071530132  ,       29.694183650103046,     3729.74721370843    ,     77.18651247996335 ,   22040.714354381747    ,          0.46364691046485007, 0.058274327680314396        ,         142.08690176322418 ,        2171.631903086983   ,                1.4918124397755896  , 0.3022394618457834
GRE                      ,                 1,            0,        80, Network          ,          14,     4278,     1.0               , 0.0                   ,   297.528517999065   ,        64900.55119700891      ,     334.6928471248247   ,     388582659.6214122          ,    119019.76764843384   , 47747721311795.81     ,          6736.654043945769,         8290.408131145334 ,   7944.339410939691 ,      1883371.0072873577, 0.8630643113604488, 0.01144545827547622   ,       20.044179523141654,      130.44662226978173 ,     39.505376344086024,     215.02556716785557  ,          0.4949698737727911 , 0.029874920114506737        ,          17.724170172978027,           5.388153530648451,                2.6287259074333797  , 0.12499889562059778
LLMNR                    ,                 1,            0,       154, Network          ,          14,     2160,     1.0               , 0.0                   ,    85.9587962962963  ,          183.32376521776405   ,       2.8712962962962965,            22.468620541838135  ,       273.53333333333336, 308500.8775925926     ,         13753.23425925926 ,      3447584.0923448214   ,  16884.444444444445 ,     51708604.369135804 , 0.900190374537037 , 0.05640269886692037   ,       66.24675925925926 ,     7198.80160986797    ,    201.72314814814814 ,   53033.61039008916     ,          0.3810610467592593 , 0.039378226292927906        ,          72.9412037037037  ,         953.1970059585047  ,                4.81029111712963    , 3.319516571801926
TLS.Mozilla              ,                 1,           91,       125, Web              ,           5,     2153,     4.018578727357176 , 0.02009143098268136   ,   566.0185787273572  ,       134055.91326374866      ,      28.647004180213656 ,           242.45505024475725   ,      8860.21504876916   , 223082843.10145497    ,        148035.32559219692 ,    181596300.17034826     ,  64771.50348351138  ,    231566646.71724287  , 2.3314820162563863, 0.0553688603029152    ,       48.93125870877845 ,    19584.6334539196     ,    118.43567115652577 ,   94107.89100810737     ,          0.4624436451463075 , 0.057282126782724055        ,         172.15931258708778 ,       14082.79347690786    ,                0.640944843474222   , 0.1605338298240828
SSDP                     ,                 1,            0,        12, System           ,          18,     2056,     1.0               , 0.0                   ,   190.5296692607004  ,          948.8707150657086    ,       8.449416342412452 ,           453.59569032082237   ,      2006.4455252918287 , 44430585.62154613     ,         24336.640564202335,      1202490.4724596038   ,  23047.815175097276 ,     36708177.0349059   , 1.1002071614785993, 0.03183363537005563   ,       60.33998054474708 ,     8014.451047470439   ,    254.41536964980546 ,  110708.26423848204     ,          0.36976650778210113, 0.03742819164413515         ,          98.75048638132296 ,        4991.996595094174   ,                3.096919446984436   , 2.398746431375931
TLS.Facebook             ,                 1,           91,       119, SocialNetwork    ,           6,     1526,     4.0               , 0.0                   ,   497.64220183486236 ,        16030.525977851792     ,      52.499344692005245 ,          4493.7336168707025    ,     28548.5249017038    , 4596244079.507572     ,        125625.38532110091 ,    504463818.2761672      ,  56051.321100917434 ,     67325003.59021007  , 2.234082241153342 , 0.0335998971758252    ,       27.904980340760158,      453.8920197571495  ,     69.48099606815204 ,    2564.709665062894    ,          0.45239496657929223, 0.06037953356395105         ,         121.50196592398427 ,        1753.3640197262307  ,                0.4782467758846658  , 0.03748256886766406
TLS.GoogleServices       ,                 1,           91,       239, Web              ,           5,     1096,     4.0               , 0.0                   ,   520.7198905109489  ,        23285.004567871223     ,      56.30383211678832  ,          6556.97794151926      ,     24717.505474452555  , 2202530151.9014297    ,        136355.39689781022 ,    280263185.10433346     ,  61559.527372262775 ,    202121685.85144058  , 2.257403767335767 , 0.06938249942920954   ,       56.78284671532847 ,    20230.81233350205    ,    139.78649635036496 ,   97261.91244538865     ,          0.4292955447080292 , 0.05212452077397245         ,         164.0155109489051  ,       12088.989722914113   ,                0.6300380766423358  , 0.23635844551486093
TLS.Canonical            ,                 1,           91,       169, Cloud            ,          13,      967,     4.148914167528439 , 0.26324339180548584   ,   448.364012409514   ,         3875.0608765582742    ,      24.237849017580146 ,           202.02615793790753   ,      9144.457083764219  , 563621423.7372999     ,        111510.74353671148 ,     77954049.45852855     ,  56801.34436401241  ,     62573847.82039998  , 1.9818522916235781, 0.03429421392875881   ,       39.99896587383661 ,    10202.267837606902   ,    139.41675284384695 ,   68810.23272864934     ,          0.3299585966907963 , 0.04849629964743196         ,         254.1664943123061  ,        4893.822331350278   ,                1.1564985946225443  , 0.10075260593718831
LDAP                     ,                 1,            0,       112, System           ,          18,      929,     5.407965554359526 , 7.001486603765059     ,   616.497308934338   ,       232979.72469674092      ,      50.18514531754575  ,          7643.709531760369     ,     14738.262648008611  , 682537236.8309083     ,         37696.81377825619 ,    311222116.27210295     ,  28351.454251883744 ,    154549583.3824604   , 1.2804144531754575, 0.10247022816447816   ,       35.31216361679225 ,     4446.834739021669   ,    114.76426264800861 ,   42128.63872284167     ,          0.39118075134553276, 0.06565206938300276         ,         132.8923573735199  ,        5056.892611127397   ,                3.040994328310011   , 5.817640398942405
Kerberos                 ,                 1,            0,       111, Network          ,          14,      905,     3.2088397790055248, 9.029314123500505     ,  1042.3723756906077  ,       776636.2116125881       ,       9.39889502762431  ,            53.4419877293123    ,      4112.300552486188  , 6179321.359391959     ,         32630.395580110497,    577574876.9153396      ,  22078.604419889503 ,    228850840.53964898  , 1.3862132806629834, 0.10625143511743283   ,       22.013259668508287,     4328.512531363512   ,     47.860773480662985,   20565.313212661396    ,          0.47303712928176794, 0.11457580890514905         ,         104.31049723756907 ,        5248.1853594212635  ,                3.3821324651933704  , 4.4343049389102935
TLS.Twitter              ,                 1,           91,       120, SocialNetwork    ,           6,      785,     4.0               , 0.0                   ,   554.7643312101911  ,        22355.38522455272      ,      48.84076433121019  ,          8053.47400705911      ,     30140.098089171974  , 10931401475.530506    ,        136871.7388535032  ,    149013126.20823562     ,  59313.44076433121  ,     22223815.28088604  , 2.3105274420382167, 0.030489666219247914  ,       24.698089171974523,      259.09483711306746 ,     65.028025477707   ,    1730.6641827254657   ,          0.4263804815286624 , 0.047532362549892966        ,         138.14140127388535 ,        2788.3405152338837  ,                0.4750217146496815  , 0.04414161025450966
HTTP.Google              ,                 1,            7,       126, Advertisement    ,         101,      775,     4.0               , 0.0                   ,   839.941935483871   ,        52330.51146722165      ,      52.75483870967742  ,        245819.01344432886      ,     34058.96            , 369352331412.3689     ,         83167.30322580645 ,   2084942722.959667       ,  55810.88903225806  ,    829902791.807041    , 1.4900712270967744, 0.023637489376720038  ,       53.75483870967742 ,    12139.617315296568   ,    139.3832258064516  ,   62001.2841057232      ,          0.450381230967742  , 0.05144264356495182         ,         372.52774193548385 ,      145865.51890780436    ,                2.4867375470967743  , 2.3729671363292515
TLS.Microsoft            ,                 1,           91,       212, Web              ,           5,      769,     4.0091027308192455, 0.016822211813088784  ,   479.82184655396617 ,         3797.392188527819     ,      28.234070221066318 ,          4235.93220723044      ,     17588.993498049414  , 6171358626.339358     ,        150435.9167750325  ,     80395690.26355475     ,  77565.86475942783  ,    295918390.8607737   , 2.0108069037711314, 0.12572266388991013   ,      148.91027308192457 ,    45722.77868510098    ,    400.79713914174255 ,  232548.30475124333     ,          0.408485644993498  , 0.04526299881863471         ,         309.3120936280884  ,       16101.450061806578   ,                1.031232176853056   , 0.18324649109390373
TLS.AWS_Cloudfront       ,                 1,           91,       464, Cloud            ,          13,      749,     4.002670226969292 , 0.005333323826517244  ,   526.2069425901202  ,        18338.706173429277     ,      58.93591455273698  ,         22640.76224819564      ,     41242.82242990654   , 38019528462.68542     ,        136336.40587449932 ,    257652158.29454494     ,  58367.43391188251  ,     23679416.34176053  , 2.3315747703604806, 0.031218447734636185  ,       20.826435246995995,      339.60405418172155 ,     52.21228304405874 ,    3767.443587444586    ,          0.4484592870493992 , 0.057517777035379546        ,         127.90387182910547 ,        1741.6810130463225  ,                0.4929442336448598  , 0.04222011444024314
HTTP_Proxy               ,                 1,            0,       131, Web              ,           5,      746,     5.839142091152815 , 48.11353492082886     ,  2066.3847184986594  ,     38922317.31445817         ,     190.21849865951742  ,        557927.4147248239       ,    196372.98525469168   , 662970791110.2261     ,         67521.55227882038 ,    210315808.1480712      ,  43914.11528150134  ,    183376759.9920721   , 1.5715496085790883, 0.026222341856715424  ,       26.710455764075068,     2319.8250113204294  ,    134.8646112600536  ,  105709.4816698891      ,          0.3014009168900804 , 0.07922578001845154         ,         101.84450402144772 ,        1772.7988773009222  ,                1.1823239209115282  , 0.30425906168300315
ICMPV6                   ,                 1,            0,       102, Network          ,          14,      719,     1.0               , 0.0                   ,    92.55493741307372 ,         2916.925702325707     ,      96.9095966620306   ,         25958.769295943017     ,      8486.276773296246  , 189181576.3197804     ,          7713.375521557719,      1510250.309609429    ,  11049.95966620306  ,     23464499.01506303  , 0.7629064506258691, 0.039835999525388036  ,       31.325452016689848,     2315.599227020994   ,     97.95132127955493 ,   19951.142275722927    ,          0.3408878678720445 , 0.07052744039704929         ,          59.11543810848401 ,         572.2467574923447  ,                3.203320791376912   , 9.086537353458047
QUIC.Google              ,                 1,          188,       126, Advertisement    ,         101,      715,     1.0               , 0.0                   ,  1392.0              ,            0.0                ,      69.31748251748252  ,        104827.8027013546       ,     49399.88251748252   , 89419490523.34004     ,         17057.52027972028 ,      6491160.627211111    ,  17722.46853146853  ,     16279379.409848891 , 0.9889804839160838, 0.02891558633346373   ,       29.041958041958043,     1955.2653723898482  ,     83.31748251748252 ,   14009.37193212382     ,          0.40793243496503495, 0.058387739027188426        ,          92.82797202797202 ,        1592.525651132085   ,                2.473197285314685   , 2.523784383478313
IMAPS                    ,                 1,            0,        51, Email            ,           3,      707,    32.15841584158416  , 0.5689638270757769    ,  7128.151343705799   ,     16383832.11429452         ,     308.93493635077795  ,      28354403.438482434        ,    348813.5997171146    , 61076877411528.27     ,        108903.88118811882 ,    294012788.90243256     ,  98100.12871287129  ,    287672238.17438066  , 1.1231703663366337, 0.029571960463021383  ,      162.84724186704383 ,    33745.925745575165   ,    713.2475247524752  ,  141826.37861834271     ,          0.2172552927864215 , 0.016753323044221207        ,         222.48090523338047 ,        1361.6725491098312  ,                1.592294073550212   , 0.2784645784652478
HTTP_Connect             ,                 1,            0,       130, ArtifIntelligence,         109,      670,     4.0               , 0.0                   ,   418.9              ,          301.3407462686567    ,      59.44328358208955  ,        480174.67364891974      ,     29672.935820895524  , 14210740194.027222    ,         56939.60149253732 ,     85371658.46357986     ,  39333.44626865671  ,     43315044.52770996  , 1.4608611477611941, 0.03499340870668414   ,       31.53283582089552 ,     1703.2608621073734  ,    139.87014925373134 ,   72824.60851191802     ,          0.3217325432835821 , 0.06263306826566901         ,         108.22089552238806 ,        4161.640757406995   ,                1.2847542104477614  , 0.45428339777870946
TLS.Yahoo                ,                 1,           91,        70, Web              ,           5,      580,     4.001724137931035 , 0.0017211652794292503 ,   559.1844827586207  ,        22941.99872473246      ,      29.063793103448276 ,           548.6045511296077    ,      9687.379310344828  , 392711736.14922714    ,        139874.73103448277 ,     32380000.10007135     ,  59406.206896551725 ,     13761354.308917956 , 2.3602613103448276, 0.01605535768404851   ,       23.824137931034482,      275.21734839476807 ,     53.94310344827586 ,    4711.767452437574    ,          0.48793018620689654, 0.05251872220644119         ,         131.8706896551724  ,        1633.7436236623066  ,                0.46195877068965513 , 0.0266355238669388
NetBIOS                  ,                 1,            0,        10, System           ,          18,      518,     2.2664092664092665, 6.040995214740387     ,   194.75289575289574 ,        39386.63778118991      ,      61.28185328185328  ,         84022.27577108273      ,      6538.088803088803  , 744184572.3087162     ,         16286.774131274131,    191689328.7462806      ,  15452.021235521235 ,     57344660.36827493  , 0.9461583590733591, 0.09646638027852358   ,       22.94015444015444 ,      890.3149513274996  ,     63.866795366795365,   12338.926271969709    ,          0.40421394594594595, 0.07383074100697391         ,          76.72586872586872 ,        1257.5001416198327  ,                3.5564582664092663  , 4.523155193916848
FTP_CONTROL              ,                 1,            0,         1, Download         ,           7,      445,    28.1438202247191   , 2.5456078777932083    ,  2057.9932584269663  ,        60389.903325337706     ,      99.17752808988764  ,       1043039.1752253498       ,      8424.30786516854   , 9604700206.689493     ,        167288.38426966293 ,     64705216.892786264    , 143649.7370786517   ,    419630212.6657038   , 1.1817906179775282, 0.018328191322227093  ,      256.00224719101124 ,   137697.29212978156    ,   1051.7707865168538  ,  785921.3721802803      ,          0.30549148539325843, 0.03965598925272169         ,        1070.0067415730337  ,       29501.822426461313   ,                5.5993463752808985  , 0.7918692054630388
NTP                      ,                 1,            0,         9, System           ,          18,      435,     1.0               , 0.0                   ,    92.53333333333333 ,           30.207509578544073  ,      40.35402298850575  ,          6771.088460827058     ,      3636.993103448276  , 54810552.20914785     ,          7487.811494252874,        74821.38055753731  ,  10729.041379310345 ,     10084356.9821958   , 0.7462082252873563, 0.030080975179576832  ,       29.12183908045977 ,     1365.973660985599   ,     94.17931034482758 ,   17613.356353547366    ,          0.2973174390804597 , 0.04490230510918882         ,          45.11954022988506 ,         216.94662967366892 ,                3.8210633701149423  , 7.158058038105171
TLS.Microsoft365         ,                 1,           91,       219, Collaborative    ,          15,      416,     4.019230769230769 , 0.028476331360946745  ,   480.65625          ,         5964.389047475962     ,      29.579326923076923 ,          1520.604284162352     ,     15562.826923076924  , 1219390525.0133135    ,        141528.38461538462 ,     48701021.60687869     ,  71299.22115384616  ,    352551853.4943602   , 2.0815553990384617, 0.1474585023374562    ,      134.98317307692307 ,    42568.64635147004    ,    353.09615384615387 ,  220108.8032544379      ,          0.43997470913461534, 0.0437658870709755          ,         215.10576923076923 ,       17661.484005177514   ,                0.7284126201923076  , 0.24759460481100476
SMTP                     ,                 1,            0,         3, Email            ,           3,      367,    32.01634877384196  , 0.09782536064563548   , 12515.25613079019    ,     66290641.96164498         ,      61.17983651226158  ,          3753.6243345781763    ,     29282.188010899183  , 3581023163.771191     ,        115239.19346049047 ,     43006196.592000835    ,  97364.2234332425   ,    165697187.47596315  , 1.197700855585831 , 0.015420975722074513  ,      158.07629427792915 ,    22943.896086540102   ,    635.7901907356949  ,   79728.13854138051     ,          0.23098094550408718, 0.01195491560635125         ,         194.7275204359673  ,        1421.4734388108902  ,                1.4245246920980923  , 0.11734738128121038
TLS.Yandex               ,                 1,           91,        25, Web              ,           5,      362,     4.0               , 0.0                   ,   543.6767955801105  ,        22692.014323433352     ,      56.98066298342541  ,          9955.206808400231     ,     44934.81767955801   , 15092396326.11593     ,        140013.96132596684 ,     55783811.175299905    ,  60037.27348066298  ,     21325003.32576081  , 2.3397357154696135, 0.02115044856101573   ,       25.140883977900554,      301.9718644119533  ,     51.005524861878456,    1502.7955495863982   ,          0.5093225165745856 , 0.05048282383978564         ,         132.70165745856355 ,        2506.358505540124   ,                0.4638377375690608  , 0.055045665982746045
TLS.AWS_S3               ,                 1,           91,       463, Cloud            ,          13,      353,     4.002832861189802 , 0.002824836087281016  ,   455.07365439093485 ,         3462.6121387700728    ,      30.373937677053824 ,           481.2029468176457    ,     12098.484419263455  , 583844113.8984824     ,        136639.8016997167  ,    331322566.1363144      ,  59078.770538243625 ,     43264231.5535796   , 2.309890940509915 , 0.030179534287953967  ,       25.58073654390935 ,      345.665577927758   ,     69.18980169971671 ,    2011.3945702156345   ,          0.4003617422096317 , 0.04308038938352278         ,         135.54107648725213 ,        3694.60525323211    ,                0.5080439858356941  , 0.03599685244775334
SMTPS.GMail              ,                 1,           29,       122, Email            ,           3,      343,     4.005830903790088 , 0.011627808141165664  ,   436.27113702623905 ,          783.1772135759761    ,      43.40524781341108  ,             7.343062839463151  ,      8127.262390670554  , 1871708.4326088624    ,         96733.87172011661 ,     13334872.455847476    ,  55607.45481049563  ,     53425554.7085993   , 1.7590790699708454, 0.026343227735412013  ,       53.032069970845484,    12301.552907377029   ,    169.24489795918367 ,   65190.482299042065    ,          0.30565263556851313, 0.027375797132109175        ,         269.5131195335277  ,        1522.2906442043707  ,                1.2199975830903789  , 0.05790911674746759
TLS.eBay                 ,                 1,           91,       179, Shopping         ,          27,      305,     4.0               , 0.0                   ,   492.5016393442623  ,        12567.154915345338     ,      60.747540983606555 ,          6475.395280838485     ,     40340.53114754098   , 10757704367.363785    ,        138561.68852459016 ,     34265651.32921258     ,  56523.46557377049  ,     10470741.671765655 , 2.4566643606557377, 0.018607976009705998  ,       22.41967213114754 ,      274.7550228433217  ,     44.09836065573771 ,    4765.321472722387    ,          0.5858795967213115 , 0.06386094991092915         ,         102.00983606557377 ,        1756.5605589895188  ,                0.3227803245901639  , 0.02282094610591103
RDP                      ,                 1,            0,        88, RemoteAccess     ,          12,      286,    32.0               , 0.0                   , 18611.433566433567   ,     13027826.909922246        ,      36.55244755244755  ,           250.1843121913052    ,     22117.321678321678  , 249595331.6377818     ,        108452.67832167832 ,      7819815.232187394    , 104453.31468531469  ,     55641571.21565847  , 1.042596611888112 , 0.004360818659964754  ,      292.27272727272725 ,    10726.96757787667    ,    813.8146853146853  ,   35869.31181231356     ,          0.35511443006993004, 0.0050544295679024525       ,         205.1888111888112  ,         661.1042104748399  ,                1.8342056783216785  , 0.06166059102814827
IGMP                     ,                 1,            0,        82, Network          ,          14,      279,     1.0               , 0.0                   ,    61.261648745519715,            8.759496923215272  ,      31.272401433691755 ,           856.3200626918975    ,      1931.111111111111  , 3311043.797690163     ,          5942.928315412187,       166235.97335594354  ,   8005.1792114695345,      6531787.200858161 , 0.7793648924731184, 0.02493720380398844   ,       14.770609318996415,      434.34881360722505 ,     52.064516129032256,    4003.5227193895253   ,          0.2979145125448029 , 0.0675758598462355          ,          38.14695340501792 ,         251.81711437417303 ,                1.9739696164874552  , 4.277414784131483
TLS.YouTube              ,                 1,           91,       124, Media            ,           1,      250,     4.0               , 0.0                   ,   547.808            ,        23935.683136           ,     241.608             ,        338067.5983359999       ,    296689.576           , 836612918975.4122     ,        136128.804         ,    145774399.109584       ,  57746.704          ,     25195861.216383997 , 2.359247336       , 0.017920075633615102  ,       24.164            ,      299.86510400000003 ,     55.496            ,    3738.153984000001    ,          0.489691424        , 0.048956074147428225        ,         125.62             ,        2497.9315999999994  ,                0.365604852         , 0.0405339708324701
TLS.FbookReelStory       ,                 1,           91,       337, SocialNetwork    ,           6,      248,     4.0               , 0.0                   ,   458.2258064516129  ,         2715.19901144641      ,      59.95161290322581  ,          8918.594432882415     ,     46273.01612903226   , 11715801465.644901    ,        127122.77016129032 ,    476799455.70927095     ,  54496.81451612903  ,     52913367.949466705 , 2.3236593346774193, 0.03609886139520654   ,       29.125            ,      332.6496975806452  ,     60.145161290322584,    1151.6240894901143   ,          0.5110821411290323 , 0.04853668471262927         ,         104.28225806451613 ,        2020.065491675338   ,                0.3819110725806451  , 0.0328592733555915
TLS.LinkedIn             ,                 1,           91,       233, SocialNetwork    ,           6,      228,     4.0               , 0.0                   ,   461.55263157894734 ,         1822.2296860572483    ,      28.61842105263158  ,           259.1658010156971    ,      9533.184210526315  , 202944363.72922438    ,        136287.9254385965  ,    128259665.32338798     ,  58491.166666666664 ,     23630178.55116959  , 2.335618416666667 , 0.033020418224488673  ,       29.5              ,      418.42543859649123 ,     62.49122807017544 ,    2552.907817790089    ,          0.5000380307017545 , 0.04980791460979292         ,         119.54385964912281 ,        1538.888427208372   ,                0.4369199517543859  , 0.037987209043695035
HTTP.GoogleServices      ,                 1,            7,       239, Web              ,           5,      210,     3.9952380952380953, 0.0047392290249433115 ,   611.2571428571429  ,         4877.886258503401     ,      44.733333333333334 ,          1635.7765079365079    ,     20468.4             , 1938220675.7257142    ,         60349.619047619046,     36525703.09297052     ,  45464.37142857143  ,    120819470.05251701  , 1.3688444         , 0.03662493392103048   ,       59.2              ,    11994.988571428572   ,    192.82857142857142 ,   81481.78013605444     ,          0.38913604761904763, 0.055866538526721535        ,         266.95238095238096 ,       22936.88344671202    ,                2.0593247380952384  , 1.0113135250604506
MDNS                     ,                 1,            0,         8, Network          ,          14,      185,     1.0               , 0.0                   ,   133.96216216216217 ,         4741.971541271001     ,     108.27027027027027  ,         66151.50533235937      ,     14837.302702702702  , 1129435097.7245872    ,         16231.962162162163,     19796606.20937911     ,  22084.87027027027  ,    133797850.8047918   , 0.8015610702702702, 0.05527399714850858   ,       72.87567567567568 ,    11975.88184075968    ,    226.67567567567568 ,  105180.69481373264     ,          0.32099963783783786, 0.046386894003539104        ,         146.02702702702703 ,        4815.68035062089    ,                2.9507618432432436  , 5.529614069940413
NetBIOS.SMBv23           ,                 1,           10,        41, System           ,          18,      179,     8.94413407821229  , 0.10861084235822852   ,  1095.5307262569831  ,         8371.668050310538     ,      88.73184357541899  ,         19457.16831559564      ,     23267.351955307262  , 1312313265.8146749    ,         81250.47486033519 ,     44864872.34992666     ,  76270.69832402235  ,    226895003.9872039   , 1.0939605139664803, 0.022962058163534717  ,      166.49720670391062 ,    66066.67457320308    ,    770.7430167597765  ,  515855.14066352486     ,          0.26771104469273743, 0.02837516849022147         ,         650.3687150837989  ,       14715.316563153463   ,                4.906912530726257   , 2.381746781596953
HTTP.Microsoft           ,                 1,            7,       212, Web              ,           5,      177,     4.011299435028248 , 0.022471192824539566  ,   452.82485875706215 ,          511.4439018162086    ,      12.248587570621469 ,            23.11334546267037   ,      4544.649717514124  , 45969288.62306489     ,         67749.85310734464 ,     43408442.565993175    ,  58903.12994350283  ,    561750273.6384817   , 1.2468051977401131, 0.0810290041109948    ,      158.4180790960452  ,    98002.49187653612    ,    373.6271186440678  ,  260080.12084650004     ,          0.35774830508474575, 0.041686601281161154        ,         389.8135593220339  ,       26210.42286699225    ,                3.369985790960452   , 1.7083279778476115
DCERPC                   ,                 1,            0,       370, RPC              ,          16,      165,     7.127272727272727 , 1.4565289256198344    ,  1101.2969696969697  ,       534338.4754453626       ,      32.339393939393936 ,           217.39996326905415   ,      6405.890909090909  , 27794438.75173554     ,         61283.472727272725,    415080311.20683193     ,  44166.030303030304 ,    170934497.24150595  , 1.3921941333333332, 0.0371103319404307    ,       66.23636363636363 ,    10754.192617079889   ,    255.38181818181818 ,  107920.69663911844     ,          0.39110479393939396, 0.052115657356806025        ,         219.21818181818182 ,        6189.79482093664    ,                2.624703993939394   , 0.8537132135478728
Telnet                   ,                 1,            0,        77, RemoteAccess     ,          12,      144,    32.0               , 0.0                   ,  1993.423611111111   ,        97283.32749807097      ,      61.048611111111114 ,          1007.7684702932098    ,      3880.2916666666665 , 8106582.401041667     ,        115421.43055555556 ,      9335829.134066358    , 161172.0            ,   1044315669.9722222   , 0.7554041875      , 0.04080357424047179   ,      889.9027777777778  ,   148276.28221450618    ,   1282.2847222222222  ,  134858.6897665895      ,          0.6544848611111111 , 0.03586776610756405         ,         219.59722222222223 ,         601.4211033950618  ,                1.5788130208333333  , 0.1304971209186454
TeamViewer               ,                 1,            0,       148, RemoteAccess     ,          12,      139,    32.618705035971225 , 28.077635733140102    ,  3047.705035971223   ,     12204599.459758813        ,     109.84892086330935  ,         43638.45918948294      ,     17643.51798561151   , 4903158810.03385      ,        100971.59712230216 ,    180881193.26215        , 151363.41726618705  ,    413446085.7539465   , 0.6758638848920865, 0.014054902228706175  ,      779.1079136690647  ,    44066.35526111485    ,   1392.7913669064749  ,   51156.4672635992      ,          0.5525096978417267 , 0.009506529035203666        ,         247.53956834532374 ,         542.5362041302209  ,                1.797863784172662   , 0.2465619388354786
TLS.Cloudflare           ,                 1,           91,       220, Media            ,           1,      136,     4.0               , 0.0                   ,   447.84558823529414 ,         2609.807039359862     ,      53.35294117647059  ,          2062.4783737024222    ,     31258.382352941175  , 2230620389.3538055    ,        136809.9411764706  ,    135652388.02595156     ,  58153.78676470588  ,     18041940.403060116 , 2.3543651764705884, 0.027345088905689444  ,       22.433823529411764,      162.18679714532868 ,     54.00735294117647 ,     927.0514165224914   ,          0.46967377941176475, 0.050923867021627815        ,         124.96323529411765 ,        2123.2560012975778  ,                0.44252551470588236 , 0.03589516629142626
SMBv23                   ,                 1,            0,        41, System           ,          18,      133,    32.0               , 0.0                   ,  5463.285714285715   ,        28874.158968850705     ,      33.96992481203007  ,             5.03668946803098   ,      5617.849624060151  , 78040.69919158798     ,        118882.02255639098 ,      2354160.337837074    , 113757.37593984962  ,    111679953.40754144  , 1.0536519699248121, 0.008867991459623158  ,      298.6616541353383  ,    26209.1561987676     ,    880.812030075188   ,   43519.34060715699     ,          0.329177037593985  , 0.01844131926179558         ,         230.53383458646616 ,        1173.3766747696309  ,                1.9050920676691727  , 0.07061427830577736
HTTP.WindowsUpdate       ,                 1,            7,       147, SoftwareUpdate   ,          19,      127,     4.0               , 0.0                   ,   577.5511811023622  ,         8829.113522227046     ,   41457.68503937008     ,   74099997952.29453            ,  57420581.01574803      , 1.3090488944417658e+17,         68861.77165354331 ,    366405371.19982636     ,  56090.18110236221  ,    463819997.9750759   , 1.297982716535433 , 0.08283364304921098   ,      175.11811023622047 ,    72351.94667989339    ,    516.5433070866142  ,  698582.6733213465      ,          0.4015616062992125 , 0.044027699488726896        ,         316.4409448818898  ,       22875.66383532767    ,                1.6227593070866144  , 2.930478474504843
Apple                    ,                 1,            0,       140, Web              ,           5,      110,    32.0               , 0.0                   ,  7822.845454545454   ,      5327709.039752066        ,      78.51818181818182  ,         61471.849669421485     ,     17608.036363636365  , 4656642229.762314     ,        118007.02727272727 ,     54787078.62652893     , 109286.12727272727  ,    184940023.12925616  , 1.0994014181818181, 0.028220736474934217  ,      237.5909090909091  ,    37702.187190082645   ,    813.3818181818182  ,   74103.54512396695     ,          0.2592612909090909 , 0.022556288619333557        ,         294.7              ,         711.3372727272728  ,                2.146493409090909   , 0.19129199929951446
QUIC.GoogleServices      ,                 1,          188,       239, Web              ,           5,      103,     1.0               , 0.0                   ,  1392.0              ,            0.0                ,      25.718446601941746 ,           932.4741257422945    ,     15874.883495145632  , 834163396.7242906     ,         16970.223300970873,        79496.36761240457  ,  18773.864077669903 ,     19757089.67084551  , 0.9410504077669901, 0.02894234557115412   ,       43.19417475728155 ,     2213.457441794703   ,    133.09708737864077 ,   21663.446884720528    ,          0.37262966990291263, 0.04303958261796872         ,         109.37864077669903 ,        1212.3906117447452  ,                2.9521164660194175  , 2.0576211223133942
HTTP.Microsoft365        ,                 1,            7,       219, Collaborative    ,          15,       91,     4.0               , 0.0                   ,   560.7362637362637  ,        49941.908465161214     ,      15.142857142857142 ,            41.7927786499215    ,      3154.285714285714  , 2955392.5996860284    ,         60449.38461538462 ,    110643297.00591716     ,  48536.043956043955 ,    149425190.15191403  , 1.274979153846154 , 0.027382173884152157  ,       74.36263736263736 ,    17534.011351286073   ,    208.43956043956044 ,  100037.21338002656     ,          0.38421617582417583, 0.03358383964262843         ,         295.38461538461536 ,       19536.06086221471    ,                2.9802111758241763  , 1.4184859517474198
HTTP.Yahoo               ,                 1,            7,        70, Advertisement    ,         101,       88,     4.0               , 0.0                   ,   751.9886363636364  ,        89787.10214359502      ,      16.261363636363637 ,            48.46577995867768   ,      3118.556818181818  , 10648282.769498967    ,         76515.94318181818 ,    749390696.3717717      ,  53752.78409090909  ,    286654389.3511105   , 1.4172111704545456, 0.01156544343468685   ,       38.17045454545455 ,     1322.4823088842975  ,    107.5              ,    8782.818181818182    ,          0.37173089772727275, 0.028063494401409993        ,         358.60227272727275 ,       56392.125903925626   ,                3.287935954545454   , 1.6340172322103614
TLS.WindowsUpdate        ,                 1,           91,       147, SoftwareUpdate   ,          19,       84,     4.011904761904762 , 0.011763038548752833  ,   456.98809523809524 ,          786.702239229025     ,      73.25              ,          8581.21130952381      ,     85944.82142857143   , 22581550233.194305    ,        153563.64285714287 ,     28561032.872448973    ,  71598.38095238095  ,     81546283.54535148  , 2.1721014285714286, 0.053512454158459184  ,       67.01190476190476 ,    16795.821286848066   ,    180.07142857142858 ,  104382.5663265306      ,          0.41664439285714294, 0.07445215230145279         ,         264.32142857142856 ,        7727.09906462585    ,                0.8370734642857145  , 0.10534267313648679
HTTP.SOAP                ,                 1,            7,       253, Collaborative    ,          15,       80,     4.0               , 0.0                   ,   606.9375           ,          758.75859375         ,      16.8875            ,            53.574843750000014  ,      9133.8375          , 112889720.38609374    ,         61726.9375        ,     21623057.73359375     ,  51447.3125         ,    373828131.03984374  , 1.2733096124999999, 0.04933360068451235   ,      115.475            ,    68806.39937500001    ,    227.575            ,  172659.994375          ,          0.4775296375       , 0.054606711478606094        ,         268.9125           ,       15840.654843750002   ,                2.4478013375        , 1.7911373756438984
TLS.Salesforce           ,                 1,           91,       266, Web              ,           5,       76,     4.0               , 0.0                   ,   485.5263157894737  ,          530.3545706371191    ,      27.157894736842106 ,           588.0540166204985    ,      8099.9473684210525 , 228539951.47091404    ,        146187.59210526315 ,     10697555.68888504     ,  65308.36842105263  ,     15578732.522160664 , 2.245223394736842 , 0.014905537269159976  ,       25.736842105263158,      231.50969529085873 ,     93.21052631578948 ,    3343.639889196676    ,          0.34311055263157897, 0.05097035443351038         ,         231.80263157894737 ,        6283.026835180055   ,                1.0452083421052634  , 0.21309443727540928
HTTP_Connect.Microsoft365,                 1,          130,       219, Collaborative    ,          15,       70,     4.0               , 0.0                   ,   434.2857142857143  ,           67.34693877551022   ,      27.257142857142856 ,           152.56244897959184   ,     25483.1             , 5318411931.861429     ,         60310.985714285714,       100893.27122448983  ,  39817.27142857143  ,     38290766.997755095 , 1.5457788857142856, 0.042702196914701215  ,       33.714285714285715,     1607.5755102040816  ,    166.02857142857144 ,   89667.31346938775     ,          0.2645349714285714 , 0.04855280013202775         ,         117.35714285714286 ,        3248.6867346938775  ,                1.2949238285714286  , 0.38266032881242773
TLS.Alibaba              ,                 1,           91,       274, Web              ,           5,       62,     4.0               , 0.0                   ,   497.69354838709677 ,        13965.599635796047     ,      85.96774193548387  ,         33175.77315296566      ,     68355.5             , 36903563074.6371      ,        137843.46774193548 ,      4957832.442507805    ,  56710.72580645161  ,      8396522.618366286 , 2.4365374193548384, 0.014855449358953172  ,       27.741935483870968,      368.80437044745054 ,     58.725806451612904,     753.9409469302809   ,          0.4684589677419354 , 0.07580796008816025         ,          98.33870967741936 ,         937.8691467221645  ,                0.34342756451612894 , 0.017561478586858744
DHCPV6                   ,                 1,            0,       103, Network          ,          14,       62,     1.0               , 0.0                   ,   118.38709677419355 ,          304.2695109261187    ,     332.85483870967744  ,       1844657.7047346518       ,     53997.096774193546  , 50306102116.474525    ,         12342.145161290322,       636070.0595733611   ,  22559.59677419355  ,     55947684.756763786 , 0.5883272580645161, 0.019469037280643076  ,      130.41935483870967 ,    15000.75962539022    ,    440.0967741935484  ,   99378.02289281998     ,          0.32172732258064524, 0.04423723229173465         ,         149.40322580645162 ,        1301.756763787721   ,                5.486604854838709   , 10.221904182754058
HTTP.AWS_Cloudfront      ,                 1,            7,       464, Cloud            ,          13,       59,     4.0               , 0.0                   ,   697.1016949152543  ,       121821.00660729675      ,      48.59322033898305  ,          5853.834530307384     ,     24903.98305084746   , 6658443135.948865     ,         62001.661016949154,     47716187.13932778     ,  42855.61016949153  ,     30979637.695489798 , 1.4526469152542372, 0.00762808252350129   ,       26.491525423728813,      286.3855214018959  ,     68.1864406779661  ,    1726.9652398735993   ,          0.43639300000000003, 0.04985684412244067         ,         221.42372881355934 ,        6348.0746911806955  ,                1.8439571355932205  , 0.7765570317859138
TLS.VK                   ,                 1,           91,        22, SocialNetwork    ,           6,       57,     4.0               , 0.0                   ,   502.7719298245614  ,        17047.755001538935     ,      90.7719298245614   ,         18805.053247152966     ,     73487.59649122808   , 23116252797.082794    ,        135462.98245614034 ,    100707978.19267465     ,  57175.54385964912  ,     15723187.16035703  , 2.3719351754385967, 0.022283956524600804  ,       24.29824561403509 ,      213.96368113265623 ,     42.87719298245614 ,     596.0726377346875   ,          0.6026500175438597 , 0.05579039076292951         ,         108.3859649122807  ,        1074.5878731917512  ,                0.37263382456140354 , 0.02460234634491659
HTTP_Connect.Github      ,                 1,          130,       203, Collaborative    ,          15,       55,     4.0               , 0.0                   ,   409.8181818181818  ,           93.42148760330579   ,      24.381818181818183 ,            23.472396694214886  ,     10296.418181818182  , 5753322.934214877     ,         50799.90909090909 ,       950104.8826446284   ,  34993.509090909094 ,     27364254.177190073 , 1.4784251272727273, 0.03390340544691107   ,       30.236363636363638,     2554.6168595041318  ,    160.01818181818183 ,  102553.47239669421     ,          0.23424792727272728, 0.04301476749744927         ,         112.41818181818182 ,        1356.6069421487605  ,                1.4415493454545452  , 0.2206770360312807
POPS                     ,                 1,            0,        23, Email            ,           3,       53,    32.45283018867924  , 3.4553221787112824    , 10836.528301886792   ,     99533099.72089708         ,     127.30188679245283  ,         16254.814524741905     ,     93394.03773584905   , 23693907979.394806    ,        114172.09433962264 ,    212702775.78355289     ,  92120.52830188679  ,     65985647.494482026 , 1.238253547169811 , 0.015170008775417588  ,      103.73584905660377 ,     5397.854752580989   ,    441.58490566037733 ,   71046.88430046279     ,          0.24270024528301887, 0.007429330851807762        ,         205.47169811320754 ,         856.7020291918832  ,                1.2170643962264152  , 0.32560028387808826
NetBIOS.SMBv1            ,                 1,           10,        16, System           ,          18,       51,     1.4705882352941178, 5.425605536332178     ,   321.37254901960785 ,        96375.60630526721      ,     114.84313725490196  ,         63524.249903883116     ,     30204.254901960783  , 4534435693.052673     ,         16586.235294117647,    420518052.80738175     ,  22102.901960784315 ,    326664132.2060747   , 0.7213131372549019, 0.027075999064314488  ,       57.09803921568628 ,     2364.166858900423   ,    229.54901960784315 ,   34850.83583237217     ,          0.2236292745098039 , 0.029037226459257978        ,         171.2941176470588  ,       29396.482122260677   ,                4.054933098039216   , 3.8836293569144016
IMAP                     ,                 1,            0,         4, Email            ,           3,       50,    32.2               , 0.31999999999999995   ,  5546.0              ,      6319141.32               ,      56.14              ,           708.4404000000001    ,      9040.56            , 54058854.24640001     ,        100455.0           ,    430384307.52           , 111842.36           ,    779764453.2704      , 0.9143282399999998, 0.016675049367582396  ,      361.64             ,    53254.3504           ,    939.74             ,  144725.59240000002     ,          0.3818268          , 0.0291335043246             ,         207.34             ,        1188.4643999999998  ,                1.6907656           , 0.07076060303888
TLS.IHeartRadio          ,                 1,           91,       325, Music            ,          25,       48,     4.0               , 0.0                   ,   419.875            ,          197.02604166666666   ,     137.27083333333334  ,        107292.94748263888      ,    148679.1875          , 189040097122.2357     ,         90929.10416666667 ,     50833497.96831598     ,  43327.770833333336 ,     21845809.84331597  , 2.1080826249999998, 0.017742069926651043  ,       13.166666666666666,      199.93055555555557 ,     46.0625           ,     889.1002604166666   ,          0.2521500625       , 0.02724974257405859         ,         104.33333333333333 ,         995.3055555555555  ,                0.4585170416666666  , 0.06274719584112327
STUN                     ,                 1,            0,        78, Network          ,          14,       46,     3.6956521739130435, 76.29867674858225     ,   689.9782608695652  ,      4799948.499527412        ,      29.32608695652174  ,          8202.958884688089     ,      2923.804347826087  , 67759769.63563327     ,         17769.847826086956,   1001262979.7377127      ,  20934.391304347828 ,    904473814.4990548   , 0.7712794782608696, 0.0432364134907278    ,       64.82608695652173 ,     9145.187145557655   ,    163.30434782608697 ,   82316.34215500944     ,          0.5842968913043478 , 0.05154930888522732         ,          80.08695652173913 ,        4339.992438563327   ,                3.746213673913044   , 4.124246794539611
TLS.Azure                ,                 1,           91,       276, Cloud            ,          13,       44,     4.0               , 0.0                   ,   480.6136363636364  ,         5048.555268595042     ,     115.0               ,         85297.09090909091      ,    109825.43181818182   , 121909642498.65448    ,        143388.8409090909  ,     13944850.906508261    ,  60494.61363636364  ,     16743306.19163223  , 2.3795408181818183, 0.022666626210648758  ,       28.75             ,      746.5965909090909  ,     97.61363636363636 ,   70868.91890495867     ,          0.4555548636363637 , 0.03551894682879959         ,         119.70454545454545 ,        1677.1627066115702  ,                0.34875765909090906 , 0.035470811049042865
TLS.MS_OneDrive          ,                 1,           91,       221, Cloud            ,          13,       42,     4.0               , 0.0                   ,   446.3095238095238  ,          300.9280045351474    ,      30.666666666666668 ,           760.6031746031747    ,      9791.57142857143   , 27772332.625850342    ,        152380.45238095237 ,     49176135.152494326    ,  75781.97619047618  ,    159289193.0708617   , 2.054959785714286 , 0.07851421985683504   ,       92.0              ,    18854.571428571428   ,    240.57142857142858 ,  109498.10204081635     ,          0.41371757142857135, 0.02371230719014966         ,         341.1190476190476  ,       12319.771541950115   ,                1.184276619047619   , 0.11901477132052155
TLS.Teams                ,                 1,           91,       250, Collaborative    ,          15,       40,     4.0               , 0.0                   ,   720.7              ,         2078.3099999999995    ,      15.0               ,             3.9                ,      4144.65            , 8702207.5275          ,        140302.8           ,       292805.41000000003  ,  85757.85           ,     80289082.07750002  , 1.651973275       , 0.023974454097749374  ,      312.175            ,    16446.344375         ,   1078.175            ,   50963.694375          ,          0.284190475        , 0.007943079833049375        ,         380.1              ,        8702.64             ,                1.8310358           , 0.28340291132351003
TLS.Pinterest            ,                 1,           91,       183, SocialNetwork    ,           6,       40,     4.0               , 0.0                   ,   461.725            ,         2548.099375           ,      36.175             ,           207.144375           ,     10185.1             , 59684322.89000001     ,        137605.675         ,      2486339.819375       ,  58815.325          ,      7993894.319374999 , 2.3449469499999998, 0.012955482946397503  ,       31.025            ,      382.674375         ,     59.975            ,     832.5743749999999   ,          0.5139616250000001 , 0.04267105675448437         ,         128.7              ,         946.9599999999998  ,                0.41745427500000004 , 0.008844538822949374
HTTP.Twitter             ,                 1,            7,       120, SocialNetwork    ,           6,       38,     4.0               , 0.0                   ,   743.9473684210526  ,        11976.313019390582     ,      61.28947368421053  ,         29273.62673130192      ,     57371.89473684211   , 50323266933.30472     ,         64187.52631578947 ,    145764314.09141272     ,  46893.15789473684  ,    104374158.6066482   , 1.3814598157894735, 0.01415941431693975   ,       46.89473684210526 ,     1580.567867036011   ,    119.89473684210526 ,   10674.146814404432    ,          0.4305667105263158 , 0.0433048681114162          ,         261.2631578947368  ,       14350.193905817174   ,                2.207723289473684   , 0.9876559812962057
HTTP.Facebook            ,                 1,            7,       119, SocialNetwork    ,           6,       38,     4.0               , 0.0                   ,   618.3947368421053  ,         2198.8178670360107    ,      24.394736842105264 ,            85.87049861495844   ,     12908.342105263158  , 106942361.96191138    ,         61726.68421052631 ,     57894331.584487535    ,  43692.52631578947  ,     87967189.93351804  , 1.430960184210526 , 0.012093146299571334  ,       29.94736842105263 ,      572.7340720221607  ,    146.57894736842104 ,   81895.55955678671     ,          0.3162091052631579 , 0.04505814977688366         ,         202.3421052631579  ,       18508.225069252076   ,                1.7304887368421054  , 1.1344846560187731
TLS.GoTo                 ,                 1,           91,       293, VoIP             ,          10,       32,     4.0               , 0.0                   ,   512.90625          ,        15151.0849609375       ,     577.90625           ,        490080.8974609375       ,    649898.46875         , 716547713006.8115     ,        139414.5           ,       751886.1875         ,  60305.9375         ,    143854064.68359375  , 2.3617511875000003, 0.06868878215571486   ,       57.46875          ,    29953.7490234375     ,    100.8125           ,   45214.40234375        ,          0.5169013437500001 , 0.045782393564038085        ,         122.09375          ,        3682.9599609375     ,                0.23074981249999998 , 0.03949476081171485
HTTP_Connect.Azure       ,                 1,          130,       276, Cloud            ,          13,       31,     4.0               , 0.0                   ,   447.16129032258067 ,           21.103017689906352  ,      24.387096774193548 ,             3.3985431841831426 ,     12150.451612903225  , 157181894.37669098    ,         62342.77419354839 ,      1844325.7232049946   ,  48552.48387096774  ,     58231277.733610824 , 1.311248806451613 , 0.031697688033898025  ,       60.96774193548387 ,     4614.547346514048   ,    198.0              ,   16664.90322580645     ,          0.3110340322580645 , 0.06534641611190217         ,         245.0              ,        2437.8064516129034  ,                2.733856483870967   , 0.3127939416048949
TLS.RUTUBE               ,                 1,           91,       443, Media            ,           1,       30,     4.0               , 0.0                   ,   763.1666666666666  ,        10302.605555555554     ,     201.33333333333334  ,        102088.28888888888      ,    235321.03333333333   , 187919492895.69894    ,        138326.56666666668 ,       875820.4455555555   ,  55831.6            ,      6984749.64        , 2.4829859000000005, 0.013409066839290001  ,       18.566666666666666,      145.1788888888889  ,     33.56666666666667 ,     427.51222222222225  ,          0.6090642          , 0.04661502239615999         ,          89.7              ,        1057.5433333333335  ,                0.3413779           , 0.030084520166823326
Blizzard                 ,                 1,            0,       213, Game             ,           8,       30,    16.133333333333333 , 192.51555555555558    ,  2335.9666666666667  ,      3470187.232222222        ,     216.8               ,        102702.76000000007      ,     49195.76666666667   , 1453840641.2455559    ,         64720.4           ,   1551348102.973333       ,  70673.16666666667  ,   2436698648.6722226   , 0.9957022000000001, 0.018031831011426674  ,      231.4              ,    45187.04000000001    ,    585.7333333333333  ,  307419.6622222222      ,          0.4871669666666667 , 0.02306553770196556         ,         150.73333333333332 ,        6625.595555555556   ,                0.9798551999999999  , 0.13765773169569331
HTTP.Canonical           ,                 1,            7,       169, Cloud            ,          13,       26,     4.0               , 0.0                   ,   500.6923076923077  ,         3373.5976331360944    ,    1389.3461538461538   ,      27860792.149408285        ,   3069867.653846154     , 176785094454365.16    ,         50910.11538461538 ,      6212896.640532544    ,  41458.230769230766 ,    134079846.02366862  , 1.2935133076923078, 0.0664649768755207    ,       87.53846153846153 ,    25438.479289940828   ,    279.03846153846155 ,  118718.19082840237     ,          0.23941826923076923, 0.054005711954273665        ,         209.8846153846154  ,        6219.717455621301   ,                1.3917928846153844  , 1.360594827727025
SMTPS                    ,                 1,            0,        29, Email            ,           3,       26,     6.153846153846154 , 55.66863905325444     ,   932.1153846153846  ,      3389344.6405325434       ,      52.65384615384615  ,           252.30325443786978   ,      5905.538461538462  , 3193506.479289941     ,         74298.96153846153 ,     43373275.80621302     ,  47518.5            ,    216224418.55769232  , 1.6463105769230768, 0.07968614236739793   ,       69.88461538461539 ,    22784.102071005924   ,    280.7692307692308  ,  339208.02366863907     ,          0.32273519230769226, 0.02402866180977071         ,         221.69230769230768 ,        1945.4437869822482  ,                1.4496304615384616  , 0.09763714989986393
HTTP.AWS_S3              ,                 1,            7,       463, Cloud            ,          13,       25,     4.0               , 0.0                   ,   607.2              ,         4128.240000000001     ,      21.72              ,           169.4016             ,      9039.2             , 251201349.52000007    ,         58097.8           ,     23115622.48           ,  40989.0            ,     11037631.2         , 1.42082276        , 0.008883881411542399  ,       23.32             ,      300.0576           ,     62.64             ,    1212.3904            ,          0.35615664         , 0.029595735697430407        ,         196.08             ,        1351.7535999999998  ,                2.16479592          , 0.2744428400333536
HTTP.Cloudflare          ,                 1,            7,       220, Media            ,           1,       24,     4.0               , 0.0                   ,   615.8333333333334  ,         1049.0555555555554    ,      23.25              ,            44.770833333333336  ,      5616.0             , 37803138.083333336    ,         58702.083333333336,      3134281.0763888895   ,  43913.25           ,     12105672.4375      , 1.3431633333333333, 0.007444563493972221  ,       43.208333333333336,     1367.7482638888887  ,     99.95833333333333 ,    7530.8732638888905   ,          0.43681325         , 0.03285729965110417         ,         216.70833333333334 ,        1135.7899305555557  ,                1.9246972916666667  , 0.10642690167662328
Akamai                   ,                 1,            0,       467, Database         ,          11,       24,    32.0               , 0.0                   , 11864.625            ,    133905936.984375           ,    3041.2083333333335   ,      96737773.24826388         ,   2877144.875           , 98210074391512.44     ,        117639.75          ,     41465990.770833336    , 104287.54166666667  ,    200576028.3315972   , 1.1476160416666668, 0.023475560877706598  ,      199.04166666666666 ,    27463.289930555562   ,    611.9583333333334  ,   48371.373263888876    ,          0.31531845833333333, 0.037189632747498265        ,         259.5833333333333  ,        1031.076388888889   ,                1.2822671666666665  , 0.7012182858762221
AWS_EC2                  ,                 1,            0,       461, Cloud            ,          13,       23,    31.043478260869566 , 9.693761814744802     ,  6220.695652173913   ,     32683832.82041588         ,     271.30434782608694  ,        423549.08128544426      ,     69887.69565217392   , 47525150868.12476     ,        129484.43478260869 ,   2590424277.115311       , 125219.08695652174  ,    601069725.8185256   , 1.0309915652173915, 0.0653341834629414    ,      334.5652173913044  ,    37821.02835538752    ,   1077.0434782608695  ,  163535.86767485822     ,          0.3092917826086957 , 0.018448368805822308        ,         380.8695652173913  ,       77997.41776937619    ,                1.7657121739130437  , 0.6232856143928392
TLS.Cachefly             ,                 1,           91,       289, Cloud            ,          13,       22,     4.0               , 0.0                   ,   427.0              ,          214.9090909090909    ,      42.09090909090909  ,           216.71900826446281   ,     12291.227272727272  , 36264694.26652892     ,         92282.77272727272 ,        80988.99380165289  ,  47610.09090909091  ,      6078583.809917356 , 1.943763409090909 , 0.011240464576332645  ,       35.59090909090909 ,      508.96900826446273 ,     71.5909090909091  ,    1020.2417355371898   ,          0.49614631818181815, 0.051875822796489675        ,         149.54545454545453 ,        1523.1570247933885  ,                0.508147409090909   , 0.04325208733896901
JSON                     ,                 1,            0,       468, Network          ,          14,       22,     1.0               , 0.0                   ,   410.77272727272725 ,        84797.53925619835      ,   39378.818181818184    ,    2330714604.1487603          ,  20323871.045454547     , 637167531768961.5     ,         41792.181818181816,    247258617.8760331      ,  76372.09090909091  ,   2461283561.9917355   , 0.6643079090909091, 0.056019197265264456  ,      393.95454545454544 ,   184647.40702479336    ,   1153.8181818181818  , 1617253.0578512398      ,          0.4293298636363637 , 0.03155581837920868         ,         559.2272727272727  ,       51379.17561983471    ,                2.735873454545455   , 18.404749772952517
TLS.Tumblr               ,                 1,           91,        90, SocialNetwork    ,           6,       20,     4.0               , 0.0                   ,   686.8              ,        17429.46               ,      29.75              ,            22.8875             ,      5257.15            , 5413055.1275          ,        138960.7           ,       758253.2100000001   ,  59956.1            ,      4239583.99        , 2.3203398         , 0.006061461048560009  ,       33.85             ,      355.2275           ,     57.5              ,     659.55              ,          0.58303975         , 0.0247617156808875          ,         127.1              ,         204.69             ,                0.59004955          , 0.019985779117047506
TLS.Tor                  ,                 1,           91,       163, VPN              ,           2,       19,     4.0               , 0.0                   ,   441.10526315789474 ,          316.5152354570636    ,      21.36842105263158  ,            63.18005540166204   ,      6563.368421052632  , 16502123.916897511    ,        144386.47368421053 ,    126474003.09141272     ,  63180.21052631579  ,     26703069.850415517 , 2.2918157368421057, 0.033766877710720226  ,       29.894736842105264,      244.409972299169   ,     61.8421052631579  ,    1231.7119113573408   ,          0.5263626315789474 , 0.04640374202981163         ,         156.0              ,        2835.2631578947367  ,                0.5323273157894737  , 0.028481896785689756
BJNP                     ,                 1,            0,       204, System           ,          18,       19,     1.0               , 0.0                   ,    67.57894736842105 ,           78.98060941828257   ,     215.8421052631579   ,         40529.08033240996      ,     14886.947368421053  , 200231944.15512466    ,          7323.894736842105,       371602.9362880887   ,   8727.631578947368 ,     12406579.285318559 , 0.912316          , 0.04367073586378947   ,       11.31578947368421 ,      602.4265927977839  ,     31.31578947368421 ,    1225.1634349030471   ,          0.2430128947368421 , 0.040573937579778396        ,          36.1578947368421  ,         329.8171745152355  ,                0.6221561578947368  , 0.646711560866975
TLS.NetFlix              ,                 1,           91,       133, Video            ,          26,       18,     4.0               , 0.0                   ,   438.55555555555554 ,            5.80246913580247   ,      36.5               ,           548.1388888888889    ,     19324.61111111111   , 738154453.3487655     ,        139572.0           ,      1226750.4444444445   ,  56689.666666666664 ,      2891232.8888888885, 2.4641077777777776, 0.005177860144061726  ,       25.22222222222222 ,      245.17283950617286 ,     45.666666666666664,     626.6666666666666   ,          0.6218882222222222 , 0.06924110493139507         ,          95.72222222222223 ,         497.8672839506172  ,                0.3393313333333333  , 0.004961870158666666
HTTP.AmazonAWS           ,                 1,            7,       265, Cloud            ,          13,       18,     4.0               , 0.0                   ,   585.6111111111111  ,         7678.793209876543     ,      27.88888888888889  ,            40.876543209876544  ,      2358.8888888888887 , 172429.987654321      ,         68217.55555555556 ,    567131481.6913581      ,  49074.11111111111  ,    254951768.98765436  , 1.3861277777777778, 0.007174420893506173  ,       36.44444444444444 ,      779.5802469135801  ,     80.83333333333333 ,    2045.361111111111    ,          0.4140942777777778 , 0.029886530925978396        ,         266.22222222222223 ,       26253.06172839506    ,                2.3812596666666668  , 0.7158858536854446
IRC                      ,                 1,            0,        65, Chat             ,           9,       18,    17.22222222222222  , 0.3950617283950617    ,  1316.5555555555557  ,         1935.802469135803     ,      51.77777777777778  ,            25.728395061728396  ,      4064.4444444444443 , 114171.35802469135    ,        126494.16666666667 ,      3850083.6944444445   , 120238.38888888889  ,    125957654.12654322  , 1.0598160555555556, 0.0073286303900524695 ,      196.55555555555554 ,    29327.358024691355   ,   1073.9444444444443  ,  316246.83024691354     ,          0.22410216666666663, 0.022509225834805555        ,        1020.2777777777778  ,        5540.978395061729   ,                6.296120277777778   , 0.20271527881620063
MQTT                     ,                 1,            0,       222, RPC              ,          16,       17,    11.764705882352942 , 188.53287197231833    ,  1268.8235294117646  ,      1971705.6747404845       ,   56120.470588235294    ,    1403351958.1314878          ,  11123738.11764706      , 52126903688699.984    ,         62305.35294117647 ,   3049647977.993079       , 100900.76470588235  ,   4181909504.650519    , 0.5643177647058825, 0.06677907547347404   ,      344.8235294117647  ,    74113.43944636678    ,   1295.7058823529412  , 1060885.972318339       ,          0.2457490588235294 , 0.006044437142290657        ,         421.1764705882353  ,      175354.73356401385    ,                0.4912322352941176  , 0.6039454738807681
QUIC.YouTube             ,                 1,          188,       124, Media            ,           1,       17,     1.0               , 0.0                   ,  1392.0              ,            0.0                ,      40.0               ,          1008.3529411764706    ,     22501.235294117647  , 850117900.768166      ,         14479.470588235294,       615154.0138408304   ,  15488.176470588236 ,      2157157.2041522493, 0.9414605294117647, 0.007375637979190314  ,       17.529411764705884,      112.71972318339101 ,     38.705882352941174,    2456.678200692042    ,          0.5709438823529412 , 0.04784042993504498         ,          75.29411764705883 ,         434.32525951557096 ,                1.6987418823529412  , 1.065888144365633
TLS.Github               ,                 1,           91,       203, Collaborative    ,          15,       15,     4.0               , 0.0                   ,   441.6              ,           30.50666666666666   ,      49.733333333333334 ,          2208.9955555555557    ,     37885.933333333334  , 2462494444.328888     ,        140008.73333333334 ,      2673952.195555555    ,  57104.8            ,      9632290.026666667 , 2.4587128666666667, 0.017171635298382216  ,        8.066666666666666,       37.79555555555556 ,     31.666666666666668,     570.4888888888889   ,          0.26545906666666663, 0.022633722050462223        ,          81.46666666666667 ,         879.5822222222222  ,                0.27038646666666666 , 0.011756051180115556
TLS.Instagram            ,                 1,           91,       211, SocialNetwork    ,           6,       15,     4.0               , 0.0                   ,   448.6              ,           31.439999999999994  ,      93.06666666666666  ,         14204.46222222222      ,     84558.4             , 22613609867.706657    ,        140390.53333333333 ,       475720.11555555556  ,  59528.26666666667  ,     20019480.19555556  , 2.3710142666666667, 0.02856205770686226   ,       34.266666666666666,      390.1955555555555  ,     87.4              ,    1376.2400000000005   ,          0.4033602          , 0.032777677125893336        ,         102.4              ,        1065.44             ,                0.29843093333333337 , 0.012544557362595556
TLS.GoogleMaps           ,                 1,           91,       123, Web              ,           5,       14,     4.0               , 0.0                   ,   448.35714285714283 ,          243.0867346938776    ,     154.85714285714286  ,         82586.83673469386      ,    118402.35714285714   , 70006277953.94386     ,        139075.92857142858 ,       132698.92346938775  ,  57137.92857142857  ,      6710775.352040817 , 2.4390159999999996, 0.012123757860571413  ,       16.071428571428573,       89.35204081632654 ,     43.57142857142857 ,     939.530612244898    ,          0.4470652857142857 , 0.04106180369106123         ,          96.14285714285714 ,         909.6938775510205  ,                0.2510508571428572  , 0.006895678290551021
DHCP                     ,                 1,            0,        18, Network          ,          14,       14,     1.0               , 0.0                   ,   470.35714285714283 ,        14859.086734693878     ,      11.642857142857142 ,            43.229591836734706  ,      5464.642857142857  , 9270667.086734693     ,         21841.5           ,      6509310.107142857    ,  36837.78571428572  ,     39900892.0255102   , 0.6232584285714287, 0.03922170194138775   ,      270.7857142857143  ,    15314.454081632653   ,    533.5              ,   29797.535714285714    ,          0.5151706428571429 , 0.030445645195801018        ,         163.92857142857142 ,         155.63775510204087 ,                5.0380487857142855  , 1.0904596866277398
HTTP.DisneyPlus          ,                 1,            7,        71, Streaming        ,          17,       14,     4.0               , 0.0                   ,  1150.0              ,       327532.14285714284      ,      76.42857142857143  ,         11565.530612244896     ,     79271.57142857143   , 20291586956.959187    ,        189735.2142857143  ,  21620825724.311226       , 110999.78571428571  ,   5933515434.596939    , 1.6000891428571429, 0.06805580172612245   ,       55.0              ,     2697.1428571428573  ,    247.14285714285714 ,   84151.97959183673     ,          0.3381603571428572 , 0.043125497782086734        ,         907.6428571428571  ,      665337.943877551      ,                3.067048499999999   , 4.780736600828392
ETHEREUM                 ,                 1,            0,       354, Crypto_Currency  ,         106,       13,    32.0               , 0.0                   ,  3868.3846153846152  ,      4646103.928994083        ,    1430.4615384615386   ,        349125.47928994085      ,    174982.6923076923    , 2487624384.8284025    ,        107204.0           ,       443451.3846153846   , 100914.61538461539  ,    120265664.39053255  , 1.0746470769230767, 0.01302523542422485   ,      213.07692307692307 ,     7001.147928994082   ,    536.5384615384615  ,   28963.32544378698     ,          0.3921743846153846 , 0.00550227404485207         ,         224.69230769230768 ,         478.21301775147924 ,                0.18093107692307694 , 0.010275957859609462
TLS.DirecTV              ,                 1,           91,       318, Streaming        ,          17,       13,     4.0               , 0.0                   ,   663.4615384615385  ,        28811.94082840236      ,     146.76923076923077  ,         18940.331360946744     ,    152916.53846153847   , 29664875375.633133    ,        136106.76923076922 ,    172610628.94674554     ,  56003.692307692305 ,     10073504.520710059 , 2.4301303846153846, 0.04483598499731362   ,       27.76923076923077 ,      295.40828402366867 ,     57.61538461538461 ,     882.6982248520709   ,          0.46999884615384624, 0.056333092946745565        ,          96.3076923076923  ,        1759.5976331360946  ,                0.42311099999999996 , 0.31079807293953843
TLS.Huawei               ,                 1,           91,       398, Web              ,           5,       12,     4.0               , 0.0                   ,   725.6666666666666  ,        15049.555555555555     ,      85.91666666666667  ,          3167.5763888888887    ,     59336.166666666664  , 4376417394.472222     ,        140116.5           ,       815977.4166666666   ,  59184.916666666664 ,     21382788.743055556 , 2.381796916666667 , 0.033887432991909716  ,       25.25             ,      783.5208333333334  ,     38.833333333333336,    1266.4722222222222   ,          0.6094756666666667 , 0.047012567446388896        ,         148.25             ,        6560.520833333333   ,                0.5371454166666666  , 0.07386791569840973
HTTP.Espn                ,                 1,            7,       466, Streaming        ,          17,       12,     4.0               , 0.0                   ,   566.3333333333334  ,            0.3888888888888889 ,     253.08333333333334  ,          2359.7430555555557    ,    274219.6666666667    , 4353582653.555556     ,         76992.91666666667 ,        99090.24305555555  ,  51453.833333333336 ,     80458970.80555555  , 1.5349120000000003, 0.04994472876066668   ,       70.0              ,     1500.3333333333333  ,    231.83333333333334 ,  100332.47222222225     ,          0.43346733333333337, 0.023488801960388887        ,         293.3333333333333  ,       28955.22222222222    ,                0.75169825          , 0.13759643121085416
HTTP.Huawei              ,                 1,            7,       398, Web              ,           5,       12,     4.0               , 0.0                   ,   572.4166666666666  ,          482.24305555555566   ,      93.0               ,          4632.0                ,     75271.58333333333   , 6752217760.576389     ,         55462.416666666664,      3345028.9097222225   ,  37136.333333333336 ,     18688607.22222222  , 1.5110174166666666, 0.024541941238076393  ,       37.166666666666664,      452.13888888888886 ,     75.08333333333333 ,    1142.4097222222224   ,          0.5017408333333333 , 0.037005268699138893        ,         156.33333333333334 ,        5167.38888888889    ,                0.9434745833333334  , 0.25727966486090975
TLS.Taobao               ,                 1,           91,       436, Shopping         ,          27,       12,     4.166666666666667 , 0.1388888888888889    ,   521.25             ,        22038.6875             ,      29.583333333333332 ,           112.74305555555554   ,      9236.5             , 44944373.083333336    ,        142021.25          ,     15615379.854166666    ,  59092.416666666664 ,      4835149.909722223 , 2.4059665         , 0.009084395504416658  ,       31.166666666666668,      404.3055555555556  ,     63.166666666666664,    1614.4722222222224   ,          0.5382839166666666 , 0.07711034083674305         ,         117.33333333333333 ,        1147.0555555555557  ,                0.3866290833333334  , 0.03331097296090972
TLS.Apple                ,                 1,           91,       140, Web              ,           5,       11,     4.0               , 0.0                   ,   413.45454545454544 ,          209.88429752066114   ,    1628.7272727272727   ,       6212668.380165288        ,   1697505.5454545454    , 6331770536893.704     ,         89405.27272727272 ,      2779504.016528926    ,  48443.90909090909  ,    100809589.71900825  , 1.9022808181818183, 0.08071539524905787   ,       49.18181818181818 ,     4474.512396694215   ,    300.8181818181818  ,  545317.0578512397      ,          0.44825545454545457, 0.030702372760066113        ,         152.36363636363637 ,        4946.049586776859   ,                0.4565786363636363  , 0.18110324526786778
RSYNC                    ,                 1,            0,       166, DataTransfer     ,           4,       11,    32.0               , 0.0                   , 16643.090909090908   ,    128032404.80991735         ,   23696.272727272728    ,     970875346.5619835          ,  28577288.727272727     , 1191307635671597.0    ,        117776.63636363637 ,     22970324.595041323    ,  96545.45454545454  ,     55641164.793388434 , 1.226490181818182 , 0.00900144888578512   ,      121.0              ,     7322.181818181818   ,    555.4545454545455  ,   40042.61157024793     ,          0.21031618181818182, 0.006532534247057852        ,         205.54545454545453 ,        1088.7933884297524  ,                0.5382161818181818  , 0.5114773931099668
TLS.AmazonAWS            ,                 1,           91,       265, Cloud            ,          13,       11,     4.0               , 0.0                   ,   497.54545454545456 ,          814.9752066115702    ,      25.727272727272727 ,            30.74380165289256   ,      8776.09090909091   , 4958639.173553719     ,        149724.27272727274 ,     55526762.743801646    ,  64553.818181818184 ,     20167736.876033057 , 2.3245747272727275, 0.012353621265107433  ,       15.0              ,      125.27272727272727 ,     42.72727272727273 ,    1359.2892561983472   ,          0.41218254545454536, 0.05415663005133884         ,         157.72727272727272 ,        2914.561983471074   ,                0.5617501818181817  , 0.03088229754833057
TLS.Deezer               ,                 1,           91,       210, Music            ,          25,       10,     4.0               , 0.0                   ,   449.6              ,          278.44               ,      30.2               ,           131.76               ,     18385.3             , 124242553.41          ,        138869.6           ,       184158.03999999998  ,  65431.5            ,      7542953.85        , 2.1261353         , 0.008142469067610007  ,       31.6              ,       41.040000000000006,     62.0              ,     406.2               ,          0.5477209000000001 , 0.02234102868869            ,         216.4              ,        4695.040000000001   ,                0.7936479000000001  , 0.04740191216649001
Munin                    ,                 1,            0,       329, System           ,          18,        9,    32.0               , 0.0                   ,  2319.777777777778   ,           17.28395061728395   ,     213.77777777777777  ,             0.39506172839506176,     15299.333333333334  , 1694.222222222222     ,        120399.55555555556 ,       165098.6913580247   , 121758.44444444444  ,     29280647.358024694 , 0.9908168888888889, 0.0019905065585432103 ,      379.8888888888889  ,     3451.4320987654323  ,   1193.7777777777778  ,   13534.83950617284     ,          0.3185888888888889 , 0.0017009772654320997       ,         202.66666666666666 ,         898.6666666666666  ,                0.6651505555555556  , 0.009139795325135805
HTTP.QQ                  ,                 1,            7,        48, Chat             ,           9,        9,     4.0               , 0.0                   ,   687.0              ,        36282.0                ,      61.888888888888886 ,          2452.3209876543206    ,     45272.88888888889   , 2539366563.876543     ,         61054.88888888889 ,    171068330.09876546     ,  45298.666666666664 ,    425296312.6666667   , 1.4296994444444444, 0.03654660381469135   ,       65.11111111111111 ,     5271.876543209877   ,    162.44444444444446 ,   53125.58024691359     ,          0.5913294444444444 , 0.05946331311491358         ,         237.77777777777777 ,       35627.061728395056   ,                1.8879858888888887  , 2.5077359469798757
HTTP.Mozilla             ,                 1,            7,       125, Web              ,           5,        8,     4.0               , 0.0                   ,   723.125            ,        18014.859375           ,    4417.375             ,      19909242.234375           ,   5508083.125           , 30421156339598.36     ,         67732.625         ,    103532855.234375       ,  61635.625          ,    389495843.484375    , 1.1640077500000001, 0.04367705843043751   ,      176.875            ,    47612.359375         ,    554.75             ,  242554.6875            ,          0.3030505          , 0.02857669497425            ,         485.5              ,       66003.0              ,                3.2252882499999997  , 10.429413608863438
BITCOIN                  ,                 1,            0,       343, Crypto_Currency  ,         106,        8,    32.0               , 0.0                   ,  7324.125            ,     31543148.859375           ,    2170.5               ,       3312787.25               ,    344934.75            , 145153873456.1875     ,        106662.375         ,       521559.234375       , 112721.75           ,    346403158.4375      , 0.9729575         , 0.02671058391275      ,      298.625            ,    32473.234375         ,    694.0              ,   54728.75              ,          0.39615125         , 0.0272987932726875          ,         213.25             ,         515.6875           ,                0.133872            , 0.004885411399000001
TLS.DisneyPlus           ,                 1,           91,        71, Streaming        ,          17,        7,     4.0               , 0.0                   ,   581.8571428571429  ,        24630.12244897959      ,     170.0               ,         21863.14285714286      ,    166830.85714285713   , 29041811873.83674     ,        144165.85714285713 ,      5809229.551020408    ,  62462.142857142855 ,      6193137.836734693 , 2.3126862857142854, 0.014273285781918372  ,       16.0              ,      219.14285714285714 ,     34.857142857142854,     266.69387755102036  ,          0.35325085714285714, 0.08948579879612242         ,         172.42857142857142 ,        2009.3877551020407  ,                0.5145074285714285  , 0.045934656251102046
HTTP.Naver               ,                 1,            7,       433, Web              ,           5,        7,     4.0               , 0.0                   ,   832.8571428571429  ,        16172.408163265305     ,      14.0               ,            96.0                ,      2752.0             , 7085790.857142857     ,        162381.7142857143  ,   2031008251.3469386      , 108033.85714285714  ,    857324847.5510204   , 1.4953702857142857, 0.009733497099346941  ,      208.71428571428572 ,    21523.63265306122    ,    622.5714285714286  ,  105183.38775510203     ,          0.36497100000000005, 0.027375378961428578        ,        1091.5714285714287  ,      154127.95918367346    ,                5.549999428571428   , 3.1768374289616745
TLS.Xiaomi               ,                 1,           91,       287, Web              ,           5,        7,     4.0               , 0.0                   ,   435.85714285714283 ,            2.122448979591837  ,      18.142857142857142 ,             1.2653061224489797 ,      6819.0             , 13516.857142857143    ,        137940.14285714287 ,      4730394.979591837    ,  61317.28571428572  ,     21196314.48979592  , 2.2611557142857146, 0.024565878084775523  ,       31.285714285714285,      455.34693877551024 ,     64.42857142857143 ,     797.9591836734693   ,          0.48098142857142856, 0.05666958037653062         ,         185.14285714285714 ,        7264.122448979592   ,                0.7379070000000001  , 0.11714282621085716
HTTP.AppleiTunes         ,                 1,            7,       145, Streaming        ,          17,        6,     4.0               , 0.0                   ,   575.6666666666666  ,          359.2222222222222    ,      36.666666666666664 ,             4.88888888888889   ,      9080.666666666666  , 51879.22222222222     ,         59033.166666666664,       125549.13888888888  ,  41579.666666666664 ,      4637192.555555556 , 1.4233066666666667, 0.004775677102555556  ,       36.666666666666664,       52.55555555555554 ,     67.83333333333333 ,     599.1388888888888   ,          0.5952698333333334 , 0.029005549860805547        ,         192.0              ,        1578.3333333333333  ,                1.5822901666666664  , 0.11638594193747226
AH                       ,                 1,            0,       116, VPN              ,           2,        6,     1.0               , 0.0                   ,   411.3333333333333  ,       109006.22222222223      ,    3377.3333333333335   ,      22046623.22222222         ,   4559013.333333333     , 38211786928466.23     ,          6965.666666666667,         1856.2222222222224,  12530.166666666666 ,      5353595.472222223 , 0.5762003333333333, 0.01238534106222222   ,       34.666666666666664,      385.22222222222223 ,     71.83333333333333 ,     413.1388888888889   ,          0.4618285          , 0.06065361329491667         ,          25.333333333333332,           0.888888888888889,                1.1960616666666668  , 2.689254578036888
RTMP                     ,                 1,            0,       174, Media            ,           1,        6,    32.0               , 0.0                   , 36609.0              ,     28980618.666666668        ,   13503.833333333334    ,     325407099.1388889          ,  16295326.666666666     , 537202870697281.56    ,        107323.16666666667 ,        46053.1388888889   ,  92591.5            ,    302525952.9166667   , 1.214361          , 0.08875663963566666   ,      148.66666666666666 ,    10484.22222222222    ,    483.0              ,   85123.0               ,          0.2522661666666666 , 0.010267915111805555        ,         177.16666666666666 ,        2683.472222222222   ,                0.029615833333333327, 0.0001787034384722222
POP3                     ,                 1,            0,         2, Email            ,           3,        5,    32.0               , 0.0                   , 11379.8              ,    187282345.35999998         ,      41.6               ,           104.24000000000001   ,     18101.2             , 653871990.1600001     ,        119123.2           ,     41079144.559999995    , 100347.6            ,     11264576.239999998 , 1.1893974         , 0.007624232321839996  ,      159.6              ,     3939.84             ,    892.4              ,   14928.240000000002    ,          0.18574580000000002, 0.00875035954456            ,         233.8              ,        1985.7599999999998  ,                1.8260961999999998  , 0.15739538644016002
Outlook                  ,                 1,            0,        21, Email            ,           3,        5,    32.0               , 0.0                   , 19537.8              ,    202439876.96               ,    4585.2               ,      17601431.759999998        ,   4473237.0             , 16877601671014.4      ,        118638.2           ,     35309231.76           , 111993.0            ,    344454732.4         , 1.0917446         , 0.03826828387504001   ,      269.4              ,    47945.840000000004   ,    766.4              ,  193445.44              ,          0.32782600000000006, 0.013878382561200001        ,         272.2              ,        2002.9599999999998  ,                0.9195409999999999  , 1.1794468166524001
HTTP.WebSocket           ,                 1,            7,       251, Web              ,           5,        5,     4.0               , 0.0                   ,   700.0              ,        10986.4                ,   26075.4               ,    1103350530.6399999          ,  13342871.2             , 249748339637329.4     ,         78605.2           ,     10943707.360000001    ,  71512.6            ,    417021622.64        , 1.1651708         , 0.05963716374775998   ,      252.0              ,    95528.4              ,    611.2              ,  734074.16              ,          0.5085664          , 0.02984019163944            ,         525.0              ,       15578.4              ,                0.16496919999999998 , 0.03941766355736
HTTP.Apple               ,                 1,            7,       140, Web              ,           5,        5,     4.0               , 0.0                   ,   787.2              ,          153.76               ,      10.0               ,             0.0                ,      1483.4             , 231.04000000000002    ,         67142.0           ,     22374292.0            ,  52416.0            ,     57942894.0         , 1.298431          , 0.017560925379600002  ,       46.6              ,      530.64             ,    227.0              ,   47542.0               ,          0.40525120000000003, 0.07309710067856            ,         381.6              ,       13637.84             ,                4.353664            , 1.3920234361768
HTTP.MpegDash            ,                 1,            7,       291, Advertisement    ,         101,        5,     4.0               , 0.0                   ,   863.4              ,        32669.04               ,     965.8               ,       1377790.5599999998       ,   1097787.2             , 1795732806358.1597    ,         67759.0           ,     26119086.4            ,  48249.8            ,     13653978.160000002 , 1.4068542000000002, 0.007465439628560003  ,       63.2              ,     2056.56             ,    104.4              ,    2642.24              ,          0.488196           , 0.08489287502279999         ,         277.2              ,         346.96000000000004 ,                1.3073674           , 1.1178654455530401
TLS.PlayStore            ,                 1,           91,       228, SoftwareUpdate   ,          19,        5,     4.0               , 0.0                   ,   440.4              ,            3.84               ,      37.0               ,           252.8                ,     10014.6             , 10230456.64           ,        141721.2           ,      2589494.96           ,  64354.8            ,     16956934.160000004 , 2.2111746         , 0.02006545887143999   ,       36.6              ,      377.44             ,     75.2              ,    2668.16              ,          0.519313           , 0.0035500825723999998       ,         227.2              ,        2756.16             ,                0.6898462000000001  , 0.015254534585360002
TLS.TeamViewer           ,                 1,           91,       148, RemoteAccess     ,          12,        4,     4.0               , 0.0                   ,   450.25             ,            9.1875             ,     297.0               ,         78425.0                ,    330260.5             , 104973743752.75       ,        137694.75          ,     10006362.1875         ,  75443.5            ,    503821687.25        , 1.9632505         , 0.21733111653875006   ,      253.5              ,    92441.25             ,    463.25             ,  295776.1875            ,          0.52529025         , 0.008083041733687502        ,         240.75             ,        3270.1875           ,                0.51169675          , 0.03836315004068751
TLS.Pastebin             ,                 1,           91,       232, Download         ,           7,        4,     4.0               , 0.0                   ,   440.0              ,           29.0                ,     177.25              ,         21111.1875             ,    104757.5             , 8876872662.75         ,        136445.0           ,      1721304.0            ,  59935.0            ,      3072477.5         , 2.2782735         , 0.0038915898712500057 ,       25.0              ,       72.5              ,     71.0              ,     795.5               ,          0.40752575         , 0.029313446639687494        ,         181.75             ,        1829.6875           ,                0.5014035           , 0.05859267915224999
TLS.DigitalOcean         ,                 1,           91,       442, Web              ,           5,        4,     4.0               , 0.0                   ,   441.0              ,            0.0                ,     319.75              ,         81110.6875             ,    346311.75            , 113771131363.1875     ,        136592.0           ,        28293.5            ,  60961.25           ,      3644945.1875      , 2.24280375        , 0.0047912933091874815 ,       29.5              ,      109.25             ,     73.5              ,    1217.25              ,          0.44881475         , 0.0254719967856875          ,         178.25             ,        5667.1875           ,                0.30561625          , 0.0015817783936875004
HTTP.Instagram           ,                 1,            7,       211, SocialNetwork    ,           6,        4,     4.0               , 0.0                   ,   566.0              ,           22.0                ,      43.0               ,           121.0                ,     23632.5             , 668258.75             ,         54591.25          ,       326441.6875         ,  40798.75           ,       134039.6875      , 1.33812775        , 0.0002269944906874995 ,       31.75             ,       87.6875           ,     80.75             ,    1106.1875            ,          0.44381750000000003, 0.01815659681225            ,         184.75             ,         117.1875           ,                1.442295            , 0.018288442648499995
MsSQL-TDS                ,                 1,            0,       114, Database         ,          11,        4,    32.0               , 0.0                   ,  4455.0              ,       540020.5                ,     125.0               ,          4117.5                ,     36463.25            , 458842324.6875        ,        119479.75          ,      1414984.1875         , 135781.75           ,    220383090.1875      , 0.890026          , 0.008640615969499998  ,      539.25             ,    31818.6875           ,    991.5              ,   20626.25              ,          0.53736725         , 0.020791085746687497        ,         235.25             ,        1181.1875           ,                1.259391            , 0.3660672236504999
IP_in_IP                 ,                 1,            0,        86, Network          ,          14,        3,     1.6666666666666667, 0.888888888888889     ,   143.33333333333334 ,         9614.22222222222      ,   27073.0               ,    1212146666.0                ,   4246811.0             , 32930677289852.668    ,          9188.0           ,      1013888.6666666666   ,   9846.666666666666 ,       862224.2222222224, 0.9331826666666667, 0.002324914784888892  ,        8.666666666666666,       57.555555555555564,     38.666666666666664,     142.88888888888889  ,          0.207426           , 0.033626953502000005        ,          65.0              ,         316.6666666666667  ,                0.01444066666666667 , 9.001316022222222e-05
MongoDB                  ,                 1,            0,        60, Database         ,          11,        3,    32.0               , 0.0                   ,  3165.3333333333335  ,       413411.55555555556      ,      64.33333333333333  ,           524.2222222222222    ,      6473.333333333333  , 8143974.222222223     ,        106971.0           ,       368148.6666666667   , 181090.66666666666  ,    853315468.2222223   , 0.6075243333333332, 0.010913222480222223  ,     1084.0              ,    94194.66666666667    ,   1471.3333333333333  ,   54576.222222222226    ,          0.720525           , 0.01241841476866667         ,         263.3333333333333  ,          29.555555555555557,                1.9350106666666669  , 0.09870814137355556
QUIC                     ,                 1,            0,       188, Web              ,           5,        3,     1.0               , 0.0                   ,  1392.0              ,            0.0                ,     248.0               ,        120050.66666666667      ,    229854.33333333334   , 103631048594.88887    ,         25749.666666666668,       404497.55555555556  ,  21864.0            ,      3150074.0         , 1.1858746666666666, 0.010929198197555562  ,       21.666666666666668,      130.88888888888889 ,     35.333333333333336,     542.8888888888888   ,          0.7421709999999999 , 0.038571680862              ,         113.0              ,        2018.0              ,                2.9706259999999998  , 6.059394404380668
TLS.ParamountPlus        ,                 1,           91,       439, Streaming        ,          17,        3,     4.0               , 0.0                   ,   433.0              ,            2.0                ,      26.0               ,            16.666666666666668  ,      9660.333333333334  , 14380876.222222222    ,        141222.0           ,         9778.666666666666 ,  60194.0            ,     15322184.666666666 , 2.355666333333333 , 0.021577263320888895  ,       47.666666666666664,       84.22222222222221 ,     99.0              ,     528.6666666666666   ,          0.48551933333333336, 0.00047572988022222284      ,         129.33333333333334 ,        1014.8888888888888  ,                0.4779523333333333  , 0.011746403822888886
TLS.Amazon               ,                 1,           91,       178, Web              ,           5,        3,     4.0               , 0.0                   ,   464.6666666666667  ,           88.88888888888887   ,      41.666666666666664 ,           304.88888888888886   ,     17889.666666666668  , 83839494.8888889      ,        146782.66666666666 ,      6566468.222222223    ,  60756.0            ,       331564.6666666667, 2.4159400000000004, 0.0012873849286666763 ,       32.666666666666664,       61.555555555555564,     77.0              ,     738.6666666666666   ,          0.5016743333333333 , 0.05217900577088889         ,         131.0              ,         488.0              ,                0.4400713333333333  , 0.002652134574888889
WebSocket                ,                 1,            0,       251, Web              ,           5,        3,     1.0               , 0.0                   ,   185.0              ,           32.0                ,   86681.33333333333     ,     811643064.888889           ,  34384790.333333336     , 197425867408348.22    ,         34651.666666666664,    163920121.55555555     ,  79410.33333333333  ,   5106406979.555555    , 0.6937723333333333, 0.0858256684382222    ,      380.6666666666667  ,   273312.8888888889     ,   1332.3333333333333  , 3413014.2222222225      ,          0.374141           , 0.010639656977999996        ,         426.6666666666667  ,       84461.55555555555    ,                0.005822            , 2.696112066666666e-05
TLS.AWS_API_Gateway      ,                 1,           91,       459, Cloud            ,          13,        3,     4.0               , 0.0                   ,   488.6666666666667  ,           37.55555555555556   ,      41.666666666666664 ,           138.88888888888889   ,     12700.333333333334  , 10901336.888888888    ,        151106.66666666666 ,        73504.88888888889  ,  69312.0            ,     15386454.0         , 2.1870196666666666, 0.014984674014888911  ,       19.666666666666668,       17.555555555555554,     65.33333333333333 ,     157.55555555555554  ,          0.3214286666666667 , 0.011837241444222225        ,         233.0              ,        5150.0              ,                0.7852503333333334  , 0.07919268002955557
HTTP.Dailymotion         ,                 1,            7,       322, Streaming        ,          17,        3,     4.0               , 0.0                   ,   530.0              ,            0.0                ,      58.0               ,             4.666666666666667  ,     38320.0             , 17723798.0            ,         51757.333333333336,        24507.55555555555  ,  33473.666666666664 ,      1320251.5555555555, 1.5478393333333333, 0.0022530903468888884 ,       40.0              ,       84.66666666666667 ,     93.66666666666667 ,       1.5555555555555556,          0.42692099999999994, 0.009454154942000005        ,         122.33333333333333 ,         338.8888888888889  ,                0.820987            , 0.012349174748666668
TLS.Naver                ,                 1,           91,       433, Web              ,           5,        3,     4.0               , 0.0                   ,   452.6666666666667  ,          150.2222222222222    ,      29.333333333333332 ,           193.55555555555557   ,      9301.333333333334  , 13847626.88888889     ,        137857.66666666666 ,        11553.555555555555 ,  60166.666666666664 ,      6972588.222222223 , 2.2957773333333336, 0.010581624649555565  ,       24.0              ,       12.666666666666666,     45.666666666666664,     374.8888888888889   ,          0.590812           , 0.023972254072666666        ,         107.66666666666667 ,          80.8888888888889  ,                0.3856653333333333  , 0.00047071027755555563
HTTP.Yandex              ,                 1,            7,        25, Web              ,           5,        3,     4.0               , 0.0                   ,   642.3333333333334  ,         3809.555555555555     ,      22.666666666666668 ,           206.8888888888889    ,     11816.666666666666  , 159243716.22222224    ,         57757.333333333336,      7182251.555555555    ,  41812.333333333336 ,      8378357.555555555 , 1.3841016666666668, 0.0025285251842222197 ,       21.0              ,       14.0              ,     60.0              ,     128.0               ,          0.351604           , 0.0003967841659999999       ,         181.66666666666666 ,         354.88888888888886 ,                1.8073216666666667  , 0.025230765905555546
TLS.SoundCloud           ,                 1,           91,       234, Music            ,          25,        2,     4.0               , 0.0                   ,   439.0              ,            0.0                ,      30.0               ,           196.0                ,      8453.5             , 6207572.25            ,        138937.0           ,        21025.0            ,  60497.0            ,      1394761.0         , 2.297516          , 0.0022323735039999956 ,       25.0              ,       49.0              ,     57.5              ,     132.25              ,          0.427536           , 0.001312757824000001        ,         133.5              ,         182.25             ,                0.505952            , 0.0004841320089999985
MessagePack              ,                 1,            0,       469, Network          ,          14,        2,     2.5               , 2.25                  ,   259.5              ,        15500.25               , 1161322.5               , 1259955738006.25               , 151794288.5             , 1.8617715176222252e+16,         44448.5           ,     95853890.25           ,  48723.5            ,     15190506.25        , 0.934312          , 0.07599835968399996   ,       71.0              ,     1764.0              ,    170.5              ,    4830.25              ,          0.378981           , 0.008436789903999998        ,         415.0              ,        6084.0              ,                0.004074            , 1.5023376000000002e-05
Azure                    ,                 1,            0,       276, Cloud            ,          13,        2,    32.0               , 0.0                   ,  5237.5              ,         3306.25               ,     221.5               ,             2.25               ,     34991.0             , 134689.0              ,        107150.5           ,        62250.25           , 132721.5            ,     16317560.25        , 0.808025          , 0.0005158803689999992 ,      566.5              ,       20.25             ,   1298.0              ,      64.0               ,          0.43643600000000005, 6.037289999999998e-07       ,         303.5              ,           0.25             ,                0.988128            , 5.6881764000000735e-05
BGP                      ,                 1,            0,        13, Network          ,          14,        2,    32.0               , 0.0                   ,  4979.0              ,      3810304.0                ,    1209.5               ,        445556.25               ,    288510.0             , 56282343121.0         ,        105704.0           ,       112896.0            , 136374.5            ,    525532700.25        , 0.7980665         , 0.018664614542249994  ,      574.0              ,    54756.0              ,   1028.5              ,   61752.25              ,          0.534315           , 0.009686102724              ,         256.0              ,        1024.0              ,                0.289252            , 0.030862759684
ESP                      ,                 1,            0,       117, VPN              ,           2,        2,     1.0               , 0.0                   ,   286.0              ,          576.0                ,    1678.5               ,       2632506.25               ,   1536687.0             , 2325987964161.0       ,          6833.5           ,         6006.25           ,   8502.5            ,           30.25        , 0.8036989999999999, 7.387402499999939e-05 ,       11.5              ,       30.25             ,     33.5              ,      20.25              ,          0.3271325          , 0.014456575460249999        ,          26.5              ,           0.25             ,                0.220591            , 0.045270221824
HTTP.Xbox                ,                 1,            7,        47, Game             ,           8,        2,     4.0               , 0.0                   ,   384.0              ,            0.0                ,      10.5               ,             0.25               ,      1096.0             , 900.0                 ,         47992.5           ,        20022.25           ,  37853.5            ,      1499400.25        , 1.2692975         , 0.0020068160062500042 ,       29.5              ,       90.25             ,     66.5              ,      30.25              ,          0.458561           , 0.032682493088999995        ,         182.0              ,         256.0              ,                2.6918735           , 0.048975681720250006
HTTP.AccuWeather         ,                 1,            7,       280, Web              ,           5,        2,     4.0               , 0.0                   ,   629.0              ,            0.0                ,      15.5               ,             0.25               ,      5764.5             , 3906.25               ,         73924.0           ,        70225.0            ,  57364.5            ,      1377102.25        , 1.2891165         , 0.00047312775224999667,       46.5              ,       90.25             ,    221.5              ,    1260.25              ,          0.208412           , 9.000316900000018e-05       ,         447.5              ,         600.25             ,                3.2793225           , 0.08893725595225
TLS.BitTorrent           ,                 1,           91,        37, Download         ,           7,        2,     4.0               , 0.0                   ,   437.0              ,            4.0                ,     273.0               ,         38809.0                ,    254901.5             , 40578275040.25        ,        138992.0           ,        28224.0            ,  63790.5            ,      1414910.25        , 2.1795910000000003, 0.001444684080999997  ,       51.0              ,       16.0              ,     80.5              ,     306.25              ,          0.676304           , 0.038695610944              ,         184.0              ,        4624.0              ,                0.3226885           , 9.963492250000042e-06
HTTP.Alibaba             ,                 1,            7,       274, Web              ,           5,        2,     4.0               , 0.0                   ,   551.0              ,           81.0                ,      21.5               ,           132.25               ,     15611.0             , 206870689.0           ,         60272.5           ,       689730.25           ,  50006.0            ,       846400.0         , 1.206019          , 0.001505129616000004  ,       37.0              ,       16.0              ,    100.0              ,     900.0               ,          0.41978            , 0.02753409235599999         ,         275.5              ,           2.25             ,                2.8018205           , 0.41947707657025
HTTP.GoogleMaps          ,                 1,            7,       123, Web              ,           5,        2,     4.0               , 0.0                   ,   569.5              ,           20.25               ,      32.0               ,             0.0                ,      5158.0             , 744769.0              ,         53771.5           ,          462.25           ,  34158.5            ,      9256806.25        , 1.5867084999999999, 0.019796067902249987  ,        9.5              ,        0.25             ,     15.0              ,       1.0               ,          0.638393           , 0.005759747448999999        ,         108.5              ,         272.25             ,                0.8652230000000001  , 0.037178395489000024
HTTP.Azure               ,                 1,            7,       276, Cloud            ,          13,        2,     4.0               , 0.0                   ,   637.5              ,         8010.25               ,      77.0               ,          1681.0                ,     61408.5             , 2801955422.25         ,         72327.0           ,    145154304.0            ,  53854.0            ,     73650724.0         , 1.3414345         , 9.899255024999889e-05 ,       65.5              ,      702.25             ,    170.0              ,    8100.0               ,          0.42067299999999996, 0.0044658479289999995       ,         298.5              ,       16512.25             ,                1.6209765           , 0.06917873134225003
BitTorrent               ,                 1,            0,        37, Download         ,           7,        1,    32.0               , 0.0                   , 27836.0              ,            0.0                ,  473471.0               ,             0.0                , 598451452.0             , 0.0                   ,        123105.0           ,            0.0            ,  88539.0            ,            0.0         , 1.390404          , 0.0                   ,       94.0              ,        0.0              ,    261.0              ,       0.0               ,          0.360153           , 0.0                         ,         185.0              ,           0.0              ,                0.00037             , 0.0
AmazonAWS                ,                 1,            0,       265, Cloud            ,          13,        1,    32.0               , 0.0                   ,  1986.0              ,            0.0                ,      42.0               ,             0.0                ,      2604.0             , 0.0                   ,        106741.0           ,            0.0            , 126458.0            ,            0.0         , 0.844083          , 0.0                   ,      470.0              ,        0.0              ,   1245.0              ,       0.0               ,          0.37751            , 0.0                         ,         318.0              ,           0.0              ,                2.71109             , 0.0
FINS                     ,                 1,            0,       362, IoT-Scada        ,          31,        1,    32.0               , 0.0                   , 18779.0              ,            0.0                ,     314.0               ,             0.0                ,    231777.0             , 0.0                   ,        119980.0           ,            0.0            ,  94506.0            ,            0.0         , 1.269549          , 0.0                   ,      102.0              ,        0.0              ,    421.0              ,       0.0               ,          0.24228            , 0.0                         ,         194.0              ,           0.0              ,                0.474693            , 0.0
Cloudflare               ,                 1,            0,       220, Web              ,           5,        1,    32.0               , 0.0                   ,  3665.0              ,            0.0                ,      98.0               ,             0.0                ,     13480.0             , 0.0                   ,        123905.0           ,            0.0            , 103604.0            ,            0.0         , 1.195948          , 0.0                   ,      131.0              ,        0.0              ,   1032.0              ,       0.0               ,          0.126938           , 0.0                         ,         293.0              ,           0.0              ,                1.477597            , 0.0
Yandex                   ,                 1,            0,        25, Web              ,           5,        1,    32.0               , 0.0                   ,  7172.0              ,            0.0                ,     120.0               ,             0.0                ,     21688.0             , 0.0                   ,        107064.0           ,            0.0            , 120546.0            ,            0.0         , 0.888159          , 0.0                   ,      483.0              ,        0.0              ,   1085.0              ,       0.0               ,          0.445161           , 0.0                         ,         326.0              ,           0.0              ,                1.630424            , 0.0
MS_OneDrive              ,                 1,            0,       221, Collaborative    ,          15,        1,    32.0               , 0.0                   , 27702.0              ,            0.0                ,    1229.0               ,             0.0                ,    308655.0             , 0.0                   ,        125488.0           ,            0.0            ,  92692.0            ,            0.0         , 1.353817          , 0.0                   ,      116.0              ,        0.0              ,    732.0              ,       0.0               ,          0.15847            , 0.0                         ,         232.0              ,           0.0              ,                0.165386            , 0.0
OSPF                     ,                 1,            0,       184, Network          ,          14,        1,    32.0               , 0.0                   ,  2390.0              ,            0.0                ,     129.0               ,             0.0                ,      9392.0             , 0.0                   ,        120742.0           ,            0.0            ,  95216.0            ,            0.0         , 1.268085          , 0.0                   ,      124.0              ,        0.0              ,    456.0              ,       0.0               ,          0.27193            , 0.0                         ,         158.0              ,           0.0              ,                0.714803            , 0.0
Tencent                  ,                 1,            0,       285, SocialNetwork    ,           6,        1,    32.0               , 0.0                   , 13025.0              ,            0.0                ,      65.0               ,             0.0                ,     21139.0             , 0.0                   ,        129190.0           ,            0.0            ,  98458.0            ,            0.0         , 1.312133          , 0.0                   ,       72.0              ,        0.0              ,    613.0              ,       0.0               ,          0.117455           , 0.0                         ,         303.0              ,           0.0              ,                1.814654            , 0.0
TLS.GoogleDocs           ,                 1,           91,       241, Collaborative    ,          15,        1,     4.0               , 0.0                   ,   449.0              ,            0.0                ,      38.0               ,             0.0                ,      8876.0             , 0.0                   ,        135590.0           ,            0.0            ,  61901.0            ,            0.0         , 2.190433          , 0.0                   ,       35.0              ,        0.0              ,     63.0              ,       0.0               ,          0.555556           , 0.0                         ,         244.0              ,           0.0              ,                0.758105            , 0.0
TLS.KakaoTalk            ,                 1,           91,       193, Chat             ,           9,        1,     4.0               , 0.0                   ,   436.0              ,            0.0                ,      19.0               ,             0.0                ,      6802.0             , 0.0                   ,        138230.0           ,            0.0            ,  65886.0            ,            0.0         , 2.098018          , 0.0                   ,       47.0              ,        0.0              ,    112.0              ,       0.0               ,          0.419643           , 0.0                         ,         223.0              ,           0.0              ,                0.911719            , 0.0
HTTP.YouTube             ,                 1,            7,       124, Media            ,           1,        1,     4.0               , 0.0                   ,   650.0              ,            0.0                ,      35.0               ,             0.0                ,      7487.0             , 0.0                   ,         54455.0           ,            0.0            ,  41810.0            ,            0.0         , 1.30244           , 0.0                   ,       42.0              ,        0.0              ,    103.0              ,       0.0               ,          0.407767           , 0.0                         ,         225.0              ,           0.0              ,                1.954941            , 0.0
TLS.Twitch               ,                 1,           91,       195, Video            ,          26,        1,     4.0               , 0.0                   ,   485.0              ,            0.0                ,     257.0               ,             0.0                ,    276739.0             , 0.0                   ,        143096.0           ,            0.0            ,  64920.0            ,            0.0         , 2.20419           , 0.0                   ,       36.0              ,        0.0              ,     83.0              ,       0.0               ,          0.433735           , 0.0                         ,         129.0              ,           0.0              ,                0.245907            , 0.0
HTTP.KakaoTalk           ,                 1,            7,       193, Chat             ,           9,        1,     4.0               , 0.0                   ,   850.0              ,            0.0                ,      13.0               ,             0.0                ,      2166.0             , 0.0                   ,         56521.0           ,            0.0            ,  38653.0            ,            0.0         , 1.462267          , 0.0                   ,       49.0              ,        0.0              ,    101.0              ,       0.0               ,          0.485149           , 0.0                         ,         210.0              ,           0.0              ,                2.457376            , 0.0
TLS.AppleiTunes          ,                 1,           91,       145, Streaming        ,          17,        1,     4.0               , 0.0                   ,   477.0              ,            0.0                ,      48.0               ,             0.0                ,     14705.0             , 0.0                   ,        142020.0           ,            0.0            ,  59987.0            ,            0.0         , 2.367513          , 0.0                   ,       35.0              ,        0.0              ,     44.0              ,       0.0               ,          0.795455           , 0.0                         ,         124.0              ,           0.0              ,                0.370748            , 0.0
HTTP.MS_OneDrive         ,                 1,            7,       221, Cloud            ,          13,        1,     4.0               , 0.0                   ,   411.0              ,            0.0                ,      10.0               ,             0.0                ,      1846.0             , 0.0                   ,         46223.0           ,            0.0            ,  33966.0            ,            0.0         , 1.360861          , 0.0                   ,        2.0              ,        0.0              ,     39.0              ,       0.0               ,          0.051282           , 0.0                         ,         165.0              ,           0.0              ,                2.492522            , 0.0
HTTP.VK                  ,                 1,            7,        22, SocialNetwork    ,           6,        1,     4.0               , 0.0                   ,   513.0              ,            0.0                ,      49.0               ,             0.0                ,     29651.0             , 0.0                   ,         49481.0           ,            0.0            ,  39155.0            ,            0.0         , 1.263721          , 0.0                   ,       30.0              ,        0.0              ,     66.0              ,       0.0               ,          0.454545           , 0.0                         ,         180.0              ,           0.0              ,                1.436426            , 0.0
Protobuf                 ,                 1,            0,       353, Network          ,          14,        1,     1.0               , 0.0                   ,  1516.0              ,            0.0                ,   78237.0               ,             0.0                ,  16155437.0             , 0.0                   ,         60750.0           ,            0.0            ,  79503.0            ,            0.0         , 0.764122          , 0.0                   ,      155.0              ,        0.0              ,    486.0              ,       0.0               ,          0.31893            , 0.0                         ,         667.0              ,           0.0              ,                0.007607            , 0.0
HTTP.Teams               ,                 1,            7,       250, Collaborative    ,          15,        1,     4.0               , 0.0                   ,   445.0              ,            0.0                ,     782.0               ,             0.0                ,   2773414.0             , 0.0                   ,         49511.0           ,            0.0            ,  77141.0            ,            0.0         , 0.641825          , 0.0                   ,      778.0              ,        0.0              ,   1085.0              ,       0.0               ,          0.717051           , 0.0                         ,         392.0              ,           0.0              ,                0.284614            , 0.0
